제목,월요일_인기순위,화요일_인기순위,수요일_인기순위,목요일_인기순위,금요일_인기순위,토요일_인기순위,일요일_인기순위,매일플러스_인기순위,월요일_여성_인기순위,화요일_여성_인기순위,수요일_여성_인기순위,목요일_여성_인기순위,금요일_여성_인기순위,토요일_여성_인기순위,일요일_여성_인기순위,매일플러스_여성_인기순위,월요일_남성_인기순위,화요일_남성_인기순위,수요일_남성_인기순위,목요일_남성_인기순위,금요일_남성_인기순위,토요일_남성_인기순위,일요일_남성_인기순위,매일플러스_남성_인기순위,월요일_조회순위,화요일_조회순위,수요일_조회순위,목요일_조회순위,금요일_조회순위,토요일_조회순위,일요일_조회순위,매일플러스_조회순위
참교육,1,0,0,0,0,0,0,0,10,0,0,0,0,0,0,0,1,0,0,0,0,0,0,0,4,0,0,0,0,0,0,0
버림받은 왕녀의 은밀한 침실,2,0,0,0,0,0,0,0,1,0,0,0,0,0,0,0,15,0,0,0,0,0,0,0,5,0,0,0,0,0,0,0
팔이피플,3,0,0,0,0,0,0,0,2,0,0,0,0,0,0,0,22,0,0,0,0,0,0,0,7,0,0,0,0,0,0,0
뷰티풀 군바리,4,0,0,0,0,0,0,0,14,0,0,0,0,0,0,0,3,0,0,0,0,0,0,0,2,0,0,0,0,0,0,0
퀘스트지상주의,5,0,0,0,0,0,0,0,28,0,0,0,0,0,0,0,2,0,0,0,0,0,0,0,6,0,0,0,0,0,0,0
장씨세가 호위무사,6,0,0,0,0,0,0,0,43,0,0,0,0,0,0,0,4,0,0,0,0,0,0,0,8,0,0,0,0,0,0,0
소녀의 세계,7,0,0,0,0,0,0,0,3,0,0,0,0,0,0,0,23,0,0,0,0,0,0,0,1,0,0,0,0,0,0,0
윈드브레이커,8,0,0,0,0,0,0,0,32,0,0,0,0,0,0,0,5,0,0,0,0,0,0,0,3,0,0,0,0,0,0,0
호랑신랑뎐,9,0,0,6,0,0,0,0,5,0,0,6,0,0,0,0,12,0,0,13,0,0,0,0,10,0,0,7,0,0,0,0
물어보는 사이,10,0,0,0,0,0,0,0,4,0,0,0,0,0,0,0,32,0,0,0,0,0,0,0,9,0,0,0,0,0,0,0
앵무살수,11,0,0,0,0,0,0,0,58,0,0,0,0,0,0,0,6,0,0,0,0,0,0,0,11,0,0,0,0,0,0,0
똑 닮은 딸,12,0,0,0,0,0,0,0,6,0,0,0,0,0,0,0,30,0,0,0,0,0,0,0,15,0,0,0,0,0,0,0
신화급 귀속 아이템을 손에 넣었다,13,0,0,0,0,0,0,0,50,0,0,0,0,0,0,0,7,0,0,0,0,0,0,0,17,0,0,0,0,0,0,0
북부 공작님을 유혹하겠습니다,14,0,0,0,0,0,0,0,7,0,0,0,0,0,0,0,37,0,0,0,0,0,0,0,16,0,0,0,0,0,0,0
순정말고 순종,15,0,0,0,0,0,0,0,8,0,0,0,0,0,0,0,46,0,0,0,0,0,0,0,12,0,0,0,0,0,0,0
오빠집이 비어서,16,0,0,0,0,0,0,0,9,0,0,0,0,0,0,0,35,0,0,0,0,0,0,0,14,0,0,0,0,0,0,0
퍼니게임,17,0,0,0,0,0,0,0,30,0,0,0,0,0,0,0,9,0,0,0,0,0,0,0,23,0,0,0,0,0,0,0
이별 후 사내 결혼,18,0,0,0,0,0,0,0,11,0,0,0,0,0,0,0,45,0,0,0,0,0,0,0,26,0,0,0,0,0,0,0
황제와의 하룻밤,19,0,0,0,0,0,0,0,12,0,0,0,0,0,0,0,47,0,0,0,0,0,0,0,13,0,0,0,0,0,0,0
절대검감,20,0,0,0,0,0,0,0,67,0,0,0,0,0,0,0,8,0,0,0,0,0,0,0,20,0,0,0,0,0,0,0
"또다시, 계약 부부",21,0,0,0,0,0,0,0,13,0,0,0,0,0,0,0,40,0,0,0,0,0,0,0,19,0,0,0,0,0,0,0
백수세끼,22,0,0,0,0,0,0,0,20,0,0,0,0,0,0,0,21,0,0,0,0,0,0,0,18,0,0,0,0,0,0,0
꼬리잡기,23,0,0,0,0,0,0,0,17,0,0,0,0,0,0,0,26,0,0,0,0,0,0,0,28,0,0,0,0,0,0,0
잔불의 기사,24,0,0,0,0,0,0,0,51,0,0,0,0,0,0,0,11,0,0,0,0,0,0,0,25,0,0,0,0,0,0,0
다시쓰는 연애사,25,0,0,0,0,0,0,0,15,0,0,0,0,0,0,0,53,0,0,0,0,0,0,0,34,0,0,0,0,0,0,0
리턴 투 플레이어,26,0,0,0,0,0,0,0,62,0,0,0,0,0,0,0,10,0,0,0,0,0,0,0,22,0,0,0,0,0,0,0
결혼생활 그림일기,27,0,0,0,0,0,0,0,18,0,0,0,0,0,0,0,29,0,0,0,0,0,0,0,24,0,0,0,0,0,0,0
사이다걸,28,0,0,0,0,0,0,0,19,0,0,0,0,0,0,0,25,0,0,0,0,0,0,0,27,0,0,0,0,0,0,0
이제야 연애,29,0,0,0,0,0,0,0,16,0,0,0,0,0,0,0,52,0,0,0,0,0,0,0,21,0,0,0,0,0,0,0
"아, 쫌 참으세요 영주님!",30,0,0,0,0,0,0,0,23,0,0,0,0,0,0,0,31,0,0,0,0,0,0,0,31,0,0,0,0,0,0,0
루루라라 우리네 인생,31,0,0,32,0,0,0,0,22,0,0,20,0,0,0,0,49,0,0,46,0,0,0,0,53,0,0,60,0,0,0,0
원작은 완결난 지 한참 됐습니다만,32,0,0,0,0,0,0,0,21,0,0,0,0,0,0,0,59,0,0,0,0,0,0,0,32,0,0,0,0,0,0,0
제왕: 빛과 그림자,33,0,0,0,0,0,0,0,74,0,0,0,0,0,0,0,13,0,0,0,0,0,0,0,38,0,0,0,0,0,0,0
아슈타르테,34,0,0,0,0,0,0,0,25,0,0,0,0,0,0,0,56,0,0,0,0,0,0,0,30,0,0,0,0,0,0,0
퇴근 후에 만나요,35,0,0,0,0,0,0,0,26,0,0,0,0,0,0,0,57,0,0,0,0,0,0,0,39,0,0,0,0,0,0,0
입술이 예쁜 남자,36,0,0,0,0,0,0,0,24,0,0,0,0,0,0,0,69,0,0,0,0,0,0,0,35,0,0,0,0,0,0,0
미니어처 생활백서,37,0,0,0,0,0,0,0,29,0,0,0,0,0,0,0,44,0,0,0,0,0,0,0,33,0,0,0,0,0,0,0
인섹터,38,0,0,0,0,0,0,0,60,0,0,0,0,0,0,0,17,0,0,0,0,0,0,0,46,0,0,0,0,0,0,0
굿바이 유교보이,39,0,0,0,0,0,0,0,27,0,0,0,0,0,0,0,65,0,0,0,0,0,0,0,37,0,0,0,0,0,0,0
헬크래프트,40,0,0,0,0,0,0,0,72,0,0,0,0,0,0,0,14,0,0,0,0,0,0,0,47,0,0,0,0,0,0,0
더블클릭,41,0,0,0,0,0,0,0,69,0,0,0,0,0,0,0,16,0,0,0,0,0,0,0,36,0,0,0,0,0,0,0
오늘의 비너스,42,0,0,0,0,0,0,0,31,0,0,0,0,0,0,0,70,0,0,0,0,0,0,0,40,0,0,0,0,0,0,0
랭커,43,0,0,0,0,0,0,0,70,0,0,0,0,0,0,0,19,0,0,0,0,0,0,0,62,0,0,0,0,0,0,0
히어로메이커,44,0,0,0,0,0,0,0,78,0,0,0,0,0,0,0,18,0,0,0,0,0,0,0,29,0,0,0,0,0,0,0
우산 없는 애,45,0,0,0,0,0,0,0,33,0,0,0,0,0,0,0,58,0,0,0,0,0,0,0,48,0,0,0,0,0,0,0
파운더,46,0,0,0,0,0,0,0,77,0,0,0,0,0,0,0,20,0,0,0,0,0,0,0,51,0,0,0,0,0,0,0
수영만화일기,47,0,0,51,0,0,0,0,36,0,0,37,0,0,0,0,50,0,0,47,0,0,0,0,60,0,0,64,0,0,0,0
"집사, 주세요!",48,0,0,0,0,0,0,0,34,0,0,0,0,0,0,0,63,0,0,0,0,0,0,0,55,0,0,0,0,0,0,0
불청객,49,0,0,0,0,0,0,0,40,0,0,0,0,0,0,0,39,0,0,0,0,0,0,0,50,0,0,0,0,0,0,0
그림자 신부,50,0,0,0,0,0,0,0,35,0,0,0,0,0,0,0,67,0,0,0,0,0,0,0,43,0,0,0,0,0,0,0
악녀 18세 공략기,51,0,0,0,0,0,0,0,37,0,0,0,0,0,0,0,51,0,0,0,0,0,0,0,49,0,0,0,0,0,0,0
도깨비 부른다,52,0,0,0,0,0,0,0,59,0,0,0,0,0,0,0,24,0,0,0,0,0,0,0,64,0,0,0,0,0,0,0
나만의 고막남친,53,0,0,0,0,0,0,0,38,0,0,0,0,0,0,0,62,0,0,0,0,0,0,0,42,0,0,0,0,0,0,0
루크 비셸 따라잡기,54,0,0,0,0,0,0,0,39,0,0,0,0,0,0,0,66,0,0,0,0,0,0,0,44,0,0,0,0,0,0,0
레지나레나 - 용서받지 못한 그대에게,55,0,0,0,0,0,0,0,42,0,0,0,0,0,0,0,61,0,0,0,0,0,0,0,41,0,0,0,0,0,0,0
메리의 불타는 행복회로,56,0,0,0,0,0,0,0,41,0,0,0,0,0,0,0,64,0,0,0,0,0,0,0,52,0,0,0,0,0,0,0
지옥연애환담,57,0,0,0,0,0,0,0,45,0,0,0,0,0,0,0,68,0,0,0,0,0,0,0,54,0,0,0,0,0,0,0
하루의 하루,58,0,0,0,0,0,0,0,49,0,0,0,0,0,0,0,41,0,0,0,0,0,0,0,61,0,0,0,0,0,0,0
꿈의 기업,59,0,0,0,0,0,0,0,63,0,0,0,0,0,0,0,27,0,0,0,0,0,0,0,45,0,0,0,0,0,0,0
모노마니아,60,0,0,0,0,0,0,0,44,0,0,0,0,0,0,0,78,0,0,0,0,0,0,0,65,0,0,0,0,0,0,0
백호랑,61,0,0,0,0,0,0,0,52,0,0,0,0,0,0,0,48,0,0,0,0,0,0,0,59,0,0,0,0,0,0,0
세번째 로망스,62,0,0,0,0,0,0,0,46,0,0,0,0,0,0,0,72,0,0,0,0,0,0,0,58,0,0,0,0,0,0,0
흔들리는 세계로부터,63,0,0,0,0,0,0,0,47,0,0,0,0,0,0,0,75,0,0,0,0,0,0,0,56,0,0,0,0,0,0,0
행운을 부탁해!,64,0,0,0,0,0,0,0,48,0,0,0,0,0,0,0,80,0,0,0,0,0,0,0,68,0,0,0,0,0,0,0
경비실에서 안내방송 드립니다,65,0,0,0,0,0,0,0,61,0,0,0,0,0,0,0,38,0,0,0,0,0,0,0,72,0,0,0,0,0,0,0
모스크바의 여명,66,0,0,0,0,0,0,0,53,0,0,0,0,0,0,0,60,0,0,0,0,0,0,0,57,0,0,0,0,0,0,0
버그이터,67,0,0,0,0,0,0,0,79,0,0,0,0,0,0,0,28,0,0,0,0,0,0,0,66,0,0,0,0,0,0,0
최후의 금빛아이,68,0,0,0,0,0,0,0,68,0,0,0,0,0,0,0,36,0,0,0,0,0,0,0,63,0,0,0,0,0,0,0
역주행!,69,0,0,0,0,0,0,0,55,0,0,0,0,0,0,0,71,0,0,0,0,0,0,0,69,0,0,0,0,0,0,0
결혼공략,70,0,0,0,0,0,0,0,54,0,0,0,0,0,0,0,79,0,0,0,0,0,0,0,73,0,0,0,0,0,0,0
파견체,71,0,0,0,0,0,0,0,75,0,0,0,0,0,0,0,33,0,0,0,0,0,0,0,78,0,0,0,0,0,0,0
신군,72,0,0,0,0,0,0,0,80,0,0,0,0,0,0,0,34,0,0,0,0,0,0,0,74,0,0,0,0,0,0,0
슈퍼스타 천대리,73,0,0,0,0,0,0,0,64,0,0,0,0,0,0,0,54,0,0,0,0,0,0,0,76,0,0,0,0,0,0,0
매지컬 급식:암살법사,74,0,0,0,0,0,0,0,71,0,0,0,0,0,0,0,43,0,0,0,0,0,0,0,77,0,0,0,0,0,0,0
달로 만든 아이,75,0,0,0,0,0,0,0,57,0,0,0,0,0,0,0,74,0,0,0,0,0,0,0,67,0,0,0,0,0,0,0
사막에 핀 달,76,0,0,0,0,0,0,0,56,0,0,0,0,0,0,0,77,0,0,0,0,0,0,0,75,0,0,0,0,0,0,0
아마도,77,0,0,0,0,0,0,0,76,0,0,0,0,0,0,0,42,0,0,0,0,0,0,0,80,0,0,0,0,0,0,0
별을 쫓는 소년들,78,0,0,0,0,0,0,0,65,0,0,0,0,0,0,0,76,0,0,0,0,0,0,0,71,0,0,0,0,0,0,0
오로지 오로라,79,0,0,0,0,0,0,0,66,0,0,0,0,0,0,0,73,0,0,0,0,0,0,0,70,0,0,0,0,0,0,0
디나운스,80,0,0,0,0,0,0,0,73,0,0,0,0,0,0,0,55,0,0,0,0,0,0,0,79,0,0,0,0,0,0,0
1을 줄게,0,1,0,0,0,0,0,0,0,1,0,0,0,0,0,0,0,10,0,0,0,0,0,0,0,2,0,0,0,0,0,0
여신강림,0,2,0,0,0,0,0,0,0,2,0,0,0,0,0,0,0,9,0,0,0,0,0,0,0,1,0,0,0,0,0,0
김부장,0,3,0,0,0,0,0,0,0,18,0,0,0,0,0,0,0,1,0,0,0,0,0,0,0,3,0,0,0,0,0,0
하루만 네가 되고 싶어,0,4,0,0,0,0,0,0,0,3,0,0,0,0,0,0,0,31,0,0,0,0,0,0,0,4,0,0,0,0,0,0
마루는 강쥐,0,5,0,0,0,0,0,0,0,4,0,0,0,0,0,0,0,30,0,0,0,0,0,0,0,6,0,0,0,0,0,0
대학원 탈출일지,0,6,0,0,6,0,0,0,0,5,0,0,5,0,0,0,0,11,0,0,12,0,0,0,0,5,0,0,4,0,0,0
내가 키운 S급들,0,7,0,0,0,0,0,0,0,17,0,0,0,0,0,0,0,3,0,0,0,0,0,0,0,8,0,0,0,0,0,0
중증외상센터 : 골든 아워,0,8,0,0,0,0,0,0,0,8,0,0,0,0,0,0,0,6,0,0,0,0,0,0,0,9,0,0,0,0,0,0
멸망 이후의 세계,0,9,0,0,0,0,0,0,0,41,0,0,0,0,0,0,0,2,0,0,0,0,0,0,0,14,0,0,0,0,0,0
놓지마 정신줄 시즌3,0,10,0,0,0,12,0,0,0,11,0,0,0,11,0,0,0,14,0,0,0,10,0,0,0,41,0,0,0,41,0,0
하북팽가 막내아들,0,11,0,0,0,0,0,0,0,59,0,0,0,0,0,0,0,4,0,0,0,0,0,0,0,18,0,0,0,0,0,0
올가미,0,12,0,0,0,0,0,0,0,6,0,0,0,0,0,0,0,46,0,0,0,0,0,0,0,13,0,0,0,0,0,0
천마는 평범하게 살 수 없다,0,13,0,0,0,0,0,0,0,55,0,0,0,0,0,0,0,5,0,0,0,0,0,0,0,21,0,0,0,0,0,0
로잘린 보가트,0,14,0,0,0,0,0,0,0,7,0,0,0,0,0,0,0,59,0,0,0,0,0,0,0,19,0,0,0,0,0,0
시한부인 줄 알았어요!,0,15,0,0,0,0,0,0,0,9,0,0,0,0,0,0,0,58,0,0,0,0,0,0,0,31,0,0,0,0,0,0
집이 없어,0,16,0,0,0,0,0,0,0,12,0,0,0,0,0,0,0,35,0,0,0,0,0,0,0,16,0,0,0,0,0,0
나타나주세요!,0,17,0,0,0,0,0,0,0,13,0,0,0,0,0,0,0,34,0,0,0,0,0,0,0,20,0,0,0,0,0,0
견우와 선녀,0,18,0,0,0,0,0,0,0,10,0,0,0,0,0,0,0,54,0,0,0,0,0,0,0,17,0,0,0,0,0,0
용사가 돌아왔다,0,19,0,0,0,0,0,0,0,61,0,0,0,0,0,0,0,8,0,0,0,0,0,0,0,27,0,0,0,0,0,0
헬58,0,20,0,0,0,0,0,0,0,70,0,0,0,0,0,0,0,7,0,0,0,0,0,0,0,28,0,0,0,0,0,0
악몽의 형상,0,21,0,0,0,24,0,0,0,32,0,0,0,36,0,0,0,15,0,0,0,11,0,0,0,25,0,0,0,25,0,0
또 다른 사랑,0,22,0,0,0,0,0,0,0,14,0,0,0,0,0,0,0,62,0,0,0,0,0,0,0,30,0,0,0,0,0,0
랜덤채팅의 그녀!,0,23,0,0,0,0,0,0,0,44,0,0,0,0,0,0,0,12,0,0,0,0,0,0,0,11,0,0,0,0,0,0
"플레이, 플리",0,24,0,0,0,0,0,0,0,15,0,0,0,0,0,0,0,60,0,0,0,0,0,0,0,24,0,0,0,0,0,0
웅크,0,25,0,0,21,0,0,0,0,16,0,0,12,0,0,0,0,47,0,0,42,0,0,0,0,26,0,0,22,0,0,0
원주민 공포만화,0,26,0,0,0,0,0,0,0,42,0,0,0,0,0,0,0,18,0,0,0,0,0,0,0,15,0,0,0,0,0,0
삼국지톡,0,27,0,0,24,0,0,0,0,48,0,0,46,0,0,0,0,17,0,0,14,0,0,0,0,12,0,0,11,0,0,0
용왕님의 셰프가 되었습니다,0,28,0,0,0,0,0,0,0,19,0,0,0,0,0,0,0,37,0,0,0,0,0,0,0,23,0,0,0,0,0,0
시체기사 군터,0,29,0,0,0,0,0,0,0,72,0,0,0,0,0,0,0,13,0,0,0,0,0,0,0,40,0,0,0,0,0,0
윌유메리미,0,30,0,0,0,31,0,0,0,22,0,0,0,26,0,0,0,39,0,0,0,39,0,0,0,10,0,0,0,14,0,0
호랑이 들어와요,0,31,0,0,0,0,0,0,0,33,0,0,0,0,0,0,0,24,0,0,0,0,0,0,0,22,0,0,0,0,0,0
초인의 게임,0,32,0,0,0,0,0,0,0,64,0,0,0,0,0,0,0,16,0,0,0,0,0,0,0,38,0,0,0,0,0,0
열녀박씨 계약결혼뎐,0,33,0,0,0,0,0,0,0,20,0,0,0,0,0,0,0,57,0,0,0,0,0,0,0,33,0,0,0,0,0,0
주인님을 잡아먹는 방법,0,34,0,0,0,0,0,0,0,21,0,0,0,0,0,0,0,61,0,0,0,0,0,0,0,32,0,0,0,0,0,0
내남친 킹카만들기,0,35,0,0,0,0,0,0,0,23,0,0,0,0,0,0,0,48,0,0,0,0,0,0,0,35,0,0,0,0,0,0
위아더좀비,0,36,0,0,0,0,0,0,0,34,0,0,0,0,0,0,0,28,0,0,0,0,0,0,0,44,0,0,0,0,0,0
은주의 방 2~3부,0,37,0,0,0,0,0,0,0,26,0,0,0,0,0,0,0,50,0,0,0,0,0,0,0,7,0,0,0,0,0,0
애옹식당,0,38,0,0,0,0,0,0,0,24,0,0,0,0,0,0,0,51,0,0,0,0,0,0,0,34,0,0,0,0,0,0
늑대처럼 홀로,0,39,0,0,0,0,0,0,0,67,0,0,0,0,0,0,0,19,0,0,0,0,0,0,0,48,0,0,0,0,0,0
사표내고 이계에서 힐링합니다,0,40,0,0,0,0,0,0,0,35,0,0,0,0,0,0,0,29,0,0,0,0,0,0,0,50,0,0,0,0,0,0
풋내기들,0,41,0,0,0,0,0,0,0,25,0,0,0,0,0,0,0,76,0,0,0,0,0,0,0,42,0,0,0,0,0,0
햄버거가 제일 좋아,0,42,0,0,0,0,0,0,0,28,0,0,0,0,0,0,0,52,0,0,0,0,0,0,0,58,0,0,0,0,0,0
빅맨,0,43,0,0,0,0,0,0,0,66,0,0,0,0,0,0,0,20,0,0,0,0,0,0,0,47,0,0,0,0,0,0
빌런투킬,0,44,0,0,0,0,0,0,0,65,0,0,0,0,0,0,0,21,0,0,0,0,0,0,0,39,0,0,0,0,0,0
택배 왔습니다,0,45,0,0,0,0,0,0,0,45,0,0,0,0,0,0,0,26,0,0,0,0,0,0,0,49,0,0,0,0,0,0
짝사랑의 마침표,0,46,0,0,0,0,0,0,0,30,0,0,0,0,0,0,0,53,0,0,0,0,0,0,0,37,0,0,0,0,0,0
"이 결혼, 새로고침",0,47,0,0,0,0,0,0,0,27,0,0,0,0,0,0,0,70,0,0,0,0,0,0,0,43,0,0,0,0,0,0
헥토파스칼,0,48,0,0,0,0,0,0,0,77,0,0,0,0,0,0,0,22,0,0,0,0,0,0,0,51,0,0,0,0,0,0
이븐 모어,0,49,0,0,0,0,0,0,0,29,0,0,0,0,0,0,0,69,0,0,0,0,0,0,0,45,0,0,0,0,0,0
사공은주,0,50,0,0,0,0,0,0,0,31,0,0,0,0,0,0,0,55,0,0,0,0,0,0,0,52,0,0,0,0,0,0
왕게임,0,51,0,0,0,0,0,0,0,68,0,0,0,0,0,0,0,23,0,0,0,0,0,0,0,55,0,0,0,0,0,0
덴큐,0,52,0,0,0,0,0,0,0,79,0,0,0,0,0,0,0,25,0,0,0,0,0,0,0,61,0,0,0,0,0,0
1331,0,53,0,0,0,0,0,0,0,53,0,0,0,0,0,0,0,32,0,0,0,0,0,0,0,62,0,0,0,0,0,0
필리아로제 - 가시왕관의 예언,0,54,0,0,0,0,0,0,0,37,0,0,0,0,0,0,0,56,0,0,0,0,0,0,0,54,0,0,0,0,0,0
궤짝,0,55,0,0,0,0,0,0,0,56,0,0,0,0,0,0,0,36,0,0,0,0,0,0,0,79,0,0,0,0,0,0
그녀석 정복기,0,56,0,0,0,0,0,0,0,38,0,0,0,0,0,0,0,68,0,0,0,0,0,0,0,56,0,0,0,0,0,0
NG불가,0,57,0,0,0,0,0,0,0,36,0,0,0,0,0,0,0,73,0,0,0,0,0,0,0,53,0,0,0,0,0,0
여우자매,0,58,0,0,0,0,0,0,0,51,0,0,0,0,0,0,0,40,0,0,0,0,0,0,0,46,0,0,0,0,0,0
그 남주와 이별하는 방법,0,59,0,0,0,0,0,0,0,39,0,0,0,0,0,0,0,74,0,0,0,0,0,0,0,57,0,0,0,0,0,0
에이머,0,60,0,0,0,0,0,0,0,80,0,0,0,0,0,0,0,27,0,0,0,0,0,0,0,36,0,0,0,0,0,0
아이즈,0,61,0,0,0,0,0,0,0,63,0,0,0,0,0,0,0,33,0,0,0,0,0,0,0,59,0,0,0,0,0,0
마침내 사랑이에요 마왕님!,0,62,0,0,0,0,0,0,0,40,0,0,0,0,0,0,0,72,0,0,0,0,0,0,0,60,0,0,0,0,0,0
한입만!,0,63,0,0,0,0,0,0,0,50,0,0,0,0,0,0,0,43,0,0,0,0,0,0,0,63,0,0,0,0,0,0
제로게임,0,64,0,0,0,0,0,0,0,54,0,0,0,0,0,0,0,41,0,0,0,0,0,0,0,29,0,0,0,0,0,0
원수가 나를 유혹할 때,0,65,0,0,0,0,0,0,0,43,0,0,0,0,0,0,0,75,0,0,0,0,0,0,0,65,0,0,0,0,0,0
AI 유하,0,66,0,0,0,0,0,0,0,46,0,0,0,0,0,0,0,71,0,0,0,0,0,0,0,64,0,0,0,0,0,0
붉은 이정표,0,67,0,0,0,0,0,0,0,74,0,0,0,0,0,0,0,38,0,0,0,0,0,0,0,67,0,0,0,0,0,0
쿠쿠쿠쿠,0,68,0,0,63,0,0,0,0,60,0,0,51,0,0,0,0,45,0,0,39,0,0,0,0,68,0,0,61,0,0,0
교환학생,0,69,0,0,0,0,0,0,0,49,0,0,0,0,0,0,0,67,0,0,0,0,0,0,0,66,0,0,0,0,0,0
대신 심부름을 해다오,0,70,0,0,0,0,0,0,0,47,0,0,0,0,0,0,0,79,0,0,0,0,0,0,0,69,0,0,0,0,0,0
테러사이트,0,71,0,0,0,0,0,0,0,69,0,0,0,0,0,0,0,42,0,0,0,0,0,0,0,78,0,0,0,0,0,0
달이 사라진 밤,0,72,0,0,0,0,0,0,0,52,0,0,0,0,0,0,0,77,0,0,0,0,0,0,0,71,0,0,0,0,0,0
벽간소음,0,73,0,0,0,0,0,0,0,58,0,0,0,0,0,0,0,64,0,0,0,0,0,0,0,72,0,0,0,0,0,0
나는 어디에나 있다,0,74,0,0,0,0,0,0,0,73,0,0,0,0,0,0,0,44,0,0,0,0,0,0,0,74,0,0,0,0,0,0
"너의 순정, 나의 순정",0,75,0,0,0,0,0,0,0,57,0,0,0,0,0,0,0,78,0,0,0,0,0,0,0,70,0,0,0,0,0,0
급식러너,0,76,0,0,0,0,0,0,0,78,0,0,0,0,0,0,0,49,0,0,0,0,0,0,0,73,0,0,0,0,0,0
하나in세인,0,77,0,0,0,0,0,0,0,62,0,0,0,0,0,0,0,81,0,0,0,0,0,0,0,76,0,0,0,0,0,0
태시트,0,78,0,0,0,0,0,0,0,71,0,0,0,0,0,0,0,63,0,0,0,0,0,0,0,75,0,0,0,0,0,0
찐:종합게임동아리,0,79,0,0,0,0,0,0,0,75,0,0,0,0,0,0,0,65,0,0,0,0,0,0,0,77,0,0,0,0,0,0
잿빛오름,0,80,0,0,0,0,0,0,0,81,0,0,0,0,0,0,0,66,0,0,0,0,0,0,0,81,0,0,0,0,0,0
마녀이야기,0,81,0,0,0,0,0,0,0,76,0,0,0,0,0,0,0,80,0,0,0,0,0,0,0,80,0,0,0,0,0,0
내 남편과 결혼해줘,0,0,1,0,0,0,0,0,0,0,1,0,0,0,0,0,0,0,16,0,0,0,0,0,0,0,1,0,0,0,0,0
비즈니스 여친,0,0,2,0,0,0,0,0,0,0,2,0,0,0,0,0,0,0,14,0,0,0,0,0,0,0,4,0,0,0,0,0
전지적 독자 시점,0,0,3,0,0,0,0,0,0,0,7,0,0,0,0,0,0,0,1,0,0,0,0,0,0,0,2,0,0,0,0,0
먹는 인생,0,0,4,0,0,7,0,0,0,0,3,0,0,5,0,0,0,0,20,0,0,16,0,0,0,0,5,0,0,8,0,0
내가 죽기로 결심한 것은,0,0,5,0,0,0,0,0,0,0,4,0,0,0,0,0,0,0,37,0,0,0,0,0,0,0,6,0,0,0,0,0
마른 가지에 바람처럼,0,0,6,0,0,0,0,0,0,0,5,0,0,0,0,0,0,0,36,0,0,0,0,0,0,0,8,0,0,0,0,0
헬퍼 2 : 킬베로스,0,0,7,0,0,0,0,0,0,0,60,0,0,0,0,0,0,0,2,0,0,0,0,0,0,0,7,0,0,0,0,0
튜토리얼 탑의 고인물,0,0,8,0,0,0,0,0,0,0,48,0,0,0,0,0,0,0,3,0,0,0,0,0,0,0,11,0,0,0,0,0
일렉시드,0,0,9,0,0,0,0,0,0,0,19,0,0,0,0,0,0,0,10,0,0,0,0,0,0,0,10,0,0,0,0,0
급식아빠,0,0,10,0,0,0,0,0,0,0,32,0,0,0,0,0,0,0,9,0,0,0,0,0,0,0,9,0,0,0,0,0
무림서부,0,0,11,0,0,0,0,0,0,0,69,0,0,0,0,0,0,0,4,0,0,0,0,0,0,0,26,0,0,0,0,0
연놈,0,0,12,0,0,0,0,0,0,0,13,0,0,0,0,0,0,0,15,0,0,0,0,0,0,0,3,0,0,0,0,0
쓰레기는 쓰레기통에!,0,0,13,0,0,0,0,0,0,0,6,0,0,0,0,0,0,0,49,0,0,0,0,0,0,0,14,0,0,0,0,0
나쁜사람,0,0,14,0,0,0,0,0,0,0,44,0,0,0,0,0,0,0,5,0,0,0,0,0,0,0,16,0,0,0,0,0
여고생 드래곤,0,0,15,0,0,22,0,0,0,0,28,0,0,34,0,0,0,0,13,0,0,12,0,0,0,0,22,0,0,31,0,0
고삼무쌍,0,0,16,0,0,0,0,0,0,0,74,0,0,0,0,0,0,0,6,0,0,0,0,0,0,0,17,0,0,0,0,0
칼에 취한 밤을 걷다,0,0,17,0,0,0,0,0,0,0,58,0,0,0,0,0,0,0,7,0,0,0,0,0,0,0,23,0,0,0,0,0
사상최강,0,0,18,0,0,0,0,0,0,0,62,0,0,0,0,0,0,0,8,0,0,0,0,0,0,0,24,0,0,0,0,0
하렘의 남자들,0,0,19,0,0,0,0,0,0,0,8,0,0,0,0,0,0,0,59,0,0,0,0,0,0,0,15,0,0,0,0,0
빌드업,0,0,20,0,0,0,0,0,0,0,61,0,0,0,0,0,0,0,11,0,0,0,0,0,0,0,21,0,0,0,0,0
운명을 보는 회사원,0,0,21,0,0,0,0,0,0,0,29,0,0,0,0,0,0,0,19,0,0,0,0,0,0,0,30,0,0,0,0,0
미래의 골동품 가게,0,0,22,0,0,0,0,0,0,0,24,0,0,0,0,0,0,0,23,0,0,0,0,0,0,0,25,0,0,0,0,0
격기3반,0,0,23,0,0,0,0,0,0,0,47,0,0,0,0,0,0,0,12,0,0,0,0,0,0,0,13,0,0,0,0,0
하얀 사자의 비밀 신부,0,0,24,0,0,0,0,0,0,0,9,0,0,0,0,0,0,0,65,0,0,0,0,0,0,0,32,0,0,0,0,0
"안녕, 나의 수집",0,0,25,0,0,0,18,0,0,0,10,0,0,0,13,0,0,0,44,0,0,0,39,0,0,0,20,0,0,0,18,0
이십팔세기 광팬,0,0,26,0,0,29,0,0,0,0,20,0,0,30,0,0,0,0,25,0,0,26,0,0,0,0,33,0,0,38,0,0
마녀와 용의 신혼일기,0,0,27,0,0,0,0,0,0,0,11,0,0,0,0,0,0,0,40,0,0,0,0,0,0,0,18,0,0,0,0,0
가짜 동맹,0,0,28,0,0,0,0,0,0,0,12,0,0,0,0,0,0,0,56,0,0,0,0,0,0,0,29,0,0,0,0,0
괴물공작의 딸,0,0,29,0,0,0,0,0,0,0,14,0,0,0,0,0,0,0,42,0,0,0,0,0,0,0,19,0,0,0,0,0
베스트 프렌드,0,0,30,0,0,0,0,0,0,0,15,0,0,0,0,0,0,0,41,0,0,0,0,0,0,0,41,0,0,0,0,0
세상은 돈과 권력,0,0,31,0,0,0,0,0,0,0,45,0,0,0,0,0,0,0,18,0,0,0,0,0,0,0,12,0,0,0,0,0
그 남자의 은밀한 하루,0,0,32,0,0,0,0,0,0,0,16,0,0,0,0,0,0,0,63,0,0,0,0,0,0,0,38,0,0,0,0,0
물고기로 살아남기,0,0,33,0,0,0,0,0,0,0,56,0,0,0,0,0,0,0,17,0,0,0,0,0,0,0,40,0,0,0,0,0
연애고수,0,0,34,0,0,0,0,0,0,0,17,0,0,0,0,0,0,0,58,0,0,0,0,0,0,0,49,0,0,0,0,0
인과관계,0,0,35,0,0,0,0,0,0,0,18,0,0,0,0,0,0,0,67,0,0,0,0,0,0,0,31,0,0,0,0,0
반귀,0,0,36,0,0,0,0,0,0,0,21,0,0,0,0,0,0,0,45,0,0,0,0,0,0,0,39,0,0,0,0,0
헤어지면 죽음,0,0,37,0,0,0,0,0,0,0,33,0,0,0,0,0,0,0,34,0,0,0,0,0,0,0,35,0,0,0,0,0
주부 육성중,0,0,38,0,0,0,0,0,0,0,26,0,0,0,0,0,0,0,53,0,0,0,0,0,0,0,47,0,0,0,0,0
고교흥신소,0,0,39,0,0,0,0,0,0,0,55,0,0,0,0,0,0,0,21,0,0,0,0,0,0,0,61,0,0,0,0,0
내겐 너무 소란한 결혼,0,0,40,0,0,0,0,0,0,0,22,0,0,0,0,0,0,0,70,0,0,0,0,0,0,0,44,0,0,0,0,0
선배는 나빠요!,0,0,41,0,0,0,0,0,0,0,23,0,0,0,0,0,0,0,61,0,0,0,0,0,0,0,27,0,0,0,0,0
옆집남자 친구,0,0,42,0,0,0,0,0,0,0,25,0,0,0,0,0,0,0,64,0,0,0,0,0,0,0,42,0,0,0,0,0
언덕 위의 제임스,0,0,43,0,0,0,0,0,0,0,59,0,0,0,0,0,0,0,22,0,0,0,0,0,0,0,28,0,0,0,0,0
로어 올림푸스,0,0,44,0,0,0,0,0,0,0,27,0,0,0,0,0,0,0,52,0,0,0,0,0,0,0,46,0,0,0,0,0
판타지 여동생!,0,0,45,0,0,0,0,0,0,0,63,0,0,0,0,0,0,0,24,0,0,0,0,0,0,0,37,0,0,0,0,0
아도나이,0,0,46,0,0,0,0,0,0,0,38,0,0,0,0,0,0,0,31,0,0,0,0,0,0,0,36,0,0,0,0,0
사내고충처리반,0,0,47,0,0,0,0,0,0,0,42,0,0,0,0,0,0,0,27,0,0,0,0,0,0,0,59,0,0,0,0,0
얼굴천재,0,0,48,0,0,0,0,0,0,0,41,0,0,0,0,0,0,0,30,0,0,0,0,0,0,0,34,0,0,0,0,0
66666년 만에 환생한 흑마법사,0,0,49,0,0,0,0,0,0,0,51,0,0,0,0,0,0,0,26,0,0,0,0,0,0,0,43,0,0,0,0,0
밀행,0,0,50,0,0,0,0,0,0,0,31,0,0,0,0,0,0,0,62,0,0,0,0,0,0,0,50,0,0,0,0,0
어느 백작 영애의 이중생활,0,0,51,0,0,0,0,0,0,0,30,0,0,0,0,0,0,0,73,0,0,0,0,0,0,0,54,0,0,0,0,0
사랑과 평강의 온달!,0,0,52,0,0,0,0,0,0,0,34,0,0,0,0,0,0,0,69,0,0,0,0,0,0,0,45,0,0,0,0,0
두 번 사는 프로듀서,0,0,53,0,0,0,0,0,0,0,46,0,0,0,0,0,0,0,33,0,0,0,0,0,0,0,55,0,0,0,0,0
좀간,0,0,54,0,0,0,0,0,0,0,49,0,0,0,0,0,0,0,35,0,0,0,0,0,0,0,56,0,0,0,0,0
수요웹툰의 나강림,0,0,55,0,0,0,0,0,0,0,65,0,0,0,0,0,0,0,29,0,0,0,0,0,0,0,52,0,0,0,0,0
영웅&마왕&악당,0,0,56,0,0,0,0,0,0,0,68,0,0,0,0,0,0,0,28,0,0,0,0,0,0,0,58,0,0,0,0,0
구사일생 로맨스,0,0,57,0,0,0,0,0,0,0,35,0,0,0,0,0,0,0,74,0,0,0,0,0,0,0,51,0,0,0,0,0
그림자의 밤,0,0,58,0,0,0,0,0,0,0,37,0,0,0,0,0,0,0,57,0,0,0,0,0,0,0,60,0,0,0,0,0
범이올시다!,0,0,59,0,0,0,0,0,0,0,39,0,0,0,0,0,0,0,55,0,0,0,0,0,0,0,53,0,0,0,0,0
안미운 우리들,0,0,60,0,0,0,0,0,0,0,36,0,0,0,0,0,0,0,76,0,0,0,0,0,0,0,62,0,0,0,0,0
무용과 남학생,0,0,61,0,0,0,0,0,0,0,40,0,0,0,0,0,0,0,68,0,0,0,0,0,0,0,57,0,0,0,0,0
칼부림,0,0,62,0,0,0,0,0,0,0,83,0,0,0,0,0,0,0,32,0,0,0,0,0,0,0,48,0,0,0,0,0
홀리데이,0,0,63,0,0,0,0,0,0,0,73,0,0,0,0,0,0,0,38,0,0,0,0,0,0,0,65,0,0,0,0,0
재생존경쟁,0,0,64,0,0,0,0,0,0,0,75,0,0,0,0,0,0,0,39,0,0,0,0,0,0,0,66,0,0,0,0,0
혁명 뒤 공주는,0,0,65,0,0,0,0,0,0,0,43,0,0,0,0,0,0,0,77,0,0,0,0,0,0,0,63,0,0,0,0,0
잿빛도 색이다,0,0,66,0,0,0,0,0,0,0,57,0,0,0,0,0,0,0,48,0,0,0,0,0,0,0,70,0,0,0,0,0
메모리얼,0,0,67,0,0,0,0,0,0,0,53,0,0,0,0,0,0,0,54,0,0,0,0,0,0,0,64,0,0,0,0,0
멸종위기종인간,0,0,68,0,0,0,0,0,0,0,70,0,0,0,0,0,0,0,43,0,0,0,0,0,0,0,68,0,0,0,0,0
하지만 너는 2D잖아,0,0,69,0,0,0,0,0,0,0,50,0,0,0,0,0,0,0,78,0,0,0,0,0,0,0,67,0,0,0,0,0
나의 계절,0,0,70,0,0,0,0,0,0,0,71,0,0,0,0,0,0,0,47,0,0,0,0,0,0,0,75,0,0,0,0,0
반짝반짝 작은 눈,0,0,71,0,0,0,0,0,0,0,54,0,0,0,0,0,0,0,66,0,0,0,0,0,0,0,71,0,0,0,0,0
이별학,0,0,72,0,0,0,0,0,0,0,66,0,0,0,0,0,0,0,51,0,0,0,0,0,0,0,73,0,0,0,0,0
클로닝,0,0,73,0,0,0,0,0,0,0,78,0,0,0,0,0,0,0,46,0,0,0,0,0,0,0,76,0,0,0,0,0
수호하는 너에게,0,0,74,0,0,0,0,0,0,0,52,0,0,0,0,0,0,0,80,0,0,0,0,0,0,0,69,0,0,0,0,0
컨트롤,0,0,75,0,0,0,0,0,0,0,79,0,0,0,0,0,0,0,50,0,0,0,0,0,0,0,82,0,0,0,0,0
낙원의 이론,0,0,76,0,0,0,0,0,0,0,67,0,0,0,0,0,0,0,71,0,0,0,0,0,0,0,72,0,0,0,0,0
이 짝사랑은 억울하다!,0,0,77,0,0,0,0,0,0,0,64,0,0,0,0,0,0,0,79,0,0,0,0,0,0,0,74,0,0,0,0,0
해귀,0,0,78,0,0,0,0,0,0,0,82,0,0,0,0,0,0,0,60,0,0,0,0,0,0,0,77,0,0,0,0,0
프로듀스 온리원,0,0,79,0,0,0,0,0,0,0,72,0,0,0,0,0,0,0,82,0,0,0,0,0,0,0,79,0,0,0,0,0
"오직, 밝은 미래",0,0,80,0,0,0,0,0,0,0,80,0,0,0,0,0,0,0,75,0,0,0,0,0,0,0,80,0,0,0,0,0
우리 은하,0,0,81,0,0,0,0,0,0,0,76,0,0,0,0,0,0,0,81,0,0,0,0,0,0,0,78,0,0,0,0,0
필생기,0,0,82,0,0,0,0,0,0,0,84,0,0,0,0,0,0,0,72,0,0,0,0,0,0,0,81,0,0,0,0,0
산의 시간,0,0,83,0,0,0,0,0,0,0,77,0,0,0,0,0,0,0,83,0,0,0,0,0,0,0,83,0,0,0,0,0
아이돌의 비밀 스터디,0,0,84,0,0,0,0,0,0,0,81,0,0,0,0,0,0,0,84,0,0,0,0,0,0,0,84,0,0,0,0,0
연애혁명,0,0,0,1,0,0,0,0,0,0,0,3,0,0,0,0,0,0,0,5,0,0,0,0,0,0,0,1,0,0,0,0
2022 몰래보는 로맨스,0,0,0,2,0,1,0,0,0,0,0,1,0,1,0,0,0,0,0,19,0,17,0,0,0,0,0,2,0,5,0,0
남편을 죽여줘요,0,0,0,3,0,0,0,0,0,0,0,2,0,0,0,0,0,0,0,12,0,0,0,0,0,0,0,3,0,0,0,0
나노마신,0,0,0,4,0,0,0,0,0,0,0,36,0,0,0,0,0,0,0,1,0,0,0,0,0,0,0,4,0,0,0,0
별을 삼킨 너에게,0,0,0,5,0,0,0,0,0,0,0,4,0,0,0,0,0,0,0,29,0,0,0,0,0,0,0,5,0,0,0,0
천마육성,0,0,0,7,0,0,0,0,0,0,0,57,0,0,0,0,0,0,0,2,0,0,0,0,0,0,0,10,0,0,0,0
현실퀘스트,0,0,0,8,0,0,0,0,0,0,0,41,0,0,0,0,0,0,0,3,0,0,0,0,0,0,0,9,0,0,0,0
버려진 나의 최애를 위하여,0,0,0,9,0,0,0,0,0,0,0,5,0,0,0,0,0,0,0,43,0,0,0,0,0,0,0,8,0,0,0,0
뮤즈 온 유명,0,0,0,10,0,0,0,0,0,0,0,7,0,0,0,0,0,0,0,27,0,0,0,0,0,0,0,11,0,0,0,0
무사만리행,0,0,0,11,0,0,0,0,0,0,0,65,0,0,0,0,0,0,0,4,0,0,0,0,0,0,0,12,0,0,0,0
재벌집 막내아들,0,0,0,12,0,0,0,0,0,0,0,12,0,0,0,0,0,0,0,8,0,0,0,0,0,0,0,15,0,0,0,0
나 혼자 네크로맨서,0,0,0,13,0,0,0,0,0,0,0,59,0,0,0,0,0,0,0,6,0,0,0,0,0,0,0,18,0,0,0,0
완벽한 결혼의 정석,0,0,0,14,0,0,0,0,0,0,0,8,0,0,0,0,0,0,0,48,0,0,0,0,0,0,0,14,0,0,0,0
회귀한 천재 헌터의 슬기로운 청소생활,0,0,0,15,0,0,0,0,0,0,0,47,0,0,0,0,0,0,0,7,0,0,0,0,0,0,0,24,0,0,0,0
순정빌런,0,0,0,16,0,0,0,0,0,0,0,10,0,0,0,0,0,0,0,36,0,0,0,0,0,0,0,20,0,0,0,0
순수한 동거생활,0,0,0,17,0,0,0,0,0,0,0,9,0,0,0,0,0,0,0,49,0,0,0,0,0,0,0,22,0,0,0,0
노답소녀,0,0,0,18,0,0,0,0,0,0,0,21,0,0,0,0,0,0,0,16,0,0,0,0,0,0,0,16,0,0,0,0
네가 죽기를 바랄 때가 있었다,0,0,0,19,0,0,0,0,0,0,0,11,0,0,0,0,0,0,0,54,0,0,0,0,0,0,0,21,0,0,0,0
이상한 변호사 우영우,0,0,0,20,0,0,0,0,0,0,0,16,0,0,0,0,0,0,0,22,0,0,0,0,0,0,0,17,0,0,0,0
최강전설 강해효,0,0,0,21,0,0,0,0,0,0,0,80,0,0,0,0,0,0,0,9,0,0,0,0,0,0,0,6,0,0,0,0
선남친 후연애,0,0,0,22,0,0,0,0,0,0,0,14,0,0,0,0,0,0,0,44,0,0,0,0,0,0,0,25,0,0,0,0
가족같은 XX,0,0,0,23,0,0,0,0,0,0,0,13,0,0,0,0,0,0,0,60,0,0,0,0,0,0,0,27,0,0,0,0
트롤트랩,0,0,0,24,0,0,0,0,0,0,0,73,0,0,0,0,0,0,0,11,0,0,0,0,0,0,0,23,0,0,0,0
비서 일탈,0,0,0,25,0,0,0,0,0,0,0,15,0,0,0,0,0,0,0,40,0,0,0,0,0,0,0,34,0,0,0,0
던전 씹어먹는 아티팩트,0,0,0,26,0,0,0,0,0,0,0,79,0,0,0,0,0,0,0,10,0,0,0,0,0,0,0,30,0,0,0,0
국세청 망나니,0,0,0,27,0,0,0,0,0,0,0,52,0,0,0,0,0,0,0,14,0,0,0,0,0,0,0,36,0,0,0,0
꽃만 키우는데 너무강함,0,0,0,28,0,0,0,0,0,0,0,44,0,0,0,0,0,0,0,17,0,0,0,0,0,0,0,32,0,0,0,0
오빠세끼,0,0,0,29,0,0,0,0,0,0,0,17,0,0,0,0,0,0,0,50,0,0,0,0,0,0,0,26,0,0,0,0
THE 런웨이,0,0,0,30,0,0,0,0,0,0,0,18,0,0,0,0,0,0,0,56,0,0,0,0,0,0,0,28,0,0,0,0
위대한 겸상,0,0,0,31,0,0,0,0,0,0,0,19,0,0,0,0,0,0,0,55,0,0,0,0,0,0,0,35,0,0,0,0
만능잡캐,0,0,0,33,0,0,0,0,0,0,0,76,0,0,0,0,0,0,0,15,0,0,0,0,0,0,0,41,0,0,0,0
아인슈페너,0,0,0,34,0,0,0,0,0,0,0,23,0,0,0,0,0,0,0,51,0,0,0,0,0,0,0,46,0,0,0,0
게임 최강 트롤러,0,0,0,35,0,0,0,0,0,0,0,62,0,0,0,0,0,0,0,18,0,0,0,0,0,0,0,43,0,0,0,0
두 번째 딸로 태어났습니다,0,0,0,36,0,0,0,0,0,0,0,22,0,0,0,0,0,0,0,61,0,0,0,0,0,0,0,29,0,0,0,0
누나! 나 무서워,0,0,0,37,0,0,0,0,0,0,0,46,0,0,0,0,0,0,0,21,0,0,0,0,0,0,0,48,0,0,0,0
규격 외 혈통 천재,0,0,0,38,0,0,0,0,0,0,0,67,0,0,0,0,0,0,0,20,0,0,0,0,0,0,0,39,0,0,0,0
황제사냥,0,0,0,39,0,0,0,0,0,0,0,32,0,0,0,0,0,0,0,30,0,0,0,0,0,0,0,54,0,0,0,0
나의 불편한 상사,0,0,0,40,0,0,0,0,0,0,0,24,0,0,0,0,0,0,0,53,0,0,0,0,0,0,0,37,0,0,0,0
앞집나리,0,0,0,41,0,0,0,0,0,0,0,29,0,0,0,0,0,0,0,35,0,0,0,0,0,0,0,82,0,0,0,0
소녀180,0,0,0,42,0,0,0,0,0,0,0,25,0,0,0,0,0,0,0,63,0,0,0,0,0,0,0,33,0,0,0,0
관계중독,0,0,0,43,0,0,0,0,0,0,0,34,0,0,0,0,0,0,0,32,0,0,0,0,0,0,0,51,0,0,0,0
쿠베라,0,0,0,44,0,0,0,0,0,0,0,45,0,0,0,0,0,0,0,25,0,0,0,0,0,0,0,13,0,0,0,0
진짜 진짜 이혼해,0,0,0,45,0,0,0,0,0,0,0,26,0,0,0,0,0,0,0,69,0,0,0,0,0,0,0,47,0,0,0,0
마왕까지 한 걸음,0,0,0,46,0,0,0,0,0,0,0,51,0,0,0,0,0,0,0,23,0,0,0,0,0,0,0,40,0,0,0,0
달의 요람,0,0,0,47,0,0,0,0,0,0,0,27,0,0,0,0,0,0,0,76,0,0,0,0,0,0,0,38,0,0,0,0
개와 사람의 시간,0,0,0,48,0,0,0,0,0,0,0,31,0,0,0,0,0,0,0,45,0,0,0,0,0,0,0,42,0,0,0,0
"황궁에 핀 꽃은, 미쳤다",0,0,0,49,0,0,0,0,0,0,0,28,0,0,0,0,0,0,0,75,0,0,0,0,0,0,0,45,0,0,0,0
"오, 친애하는 숙적",0,0,0,50,0,0,0,0,0,0,0,30,0,0,0,0,0,0,0,70,0,0,0,0,0,0,0,53,0,0,0,0
방과후 레시피,0,0,0,52,0,0,0,0,0,0,0,33,0,0,0,0,0,0,0,65,0,0,0,0,0,0,0,49,0,0,0,0
마녀의 심판은 꽃이 된다,0,0,0,53,0,0,0,0,0,0,0,35,0,0,0,0,0,0,0,67,0,0,0,0,0,0,0,50,0,0,0,0
코인 리벤지,0,0,0,54,0,0,0,0,0,0,0,81,0,0,0,0,0,0,0,24,0,0,0,0,0,0,0,68,0,0,0,0
1학년 9반,0,0,0,55,0,0,0,0,0,0,0,49,0,0,0,0,0,0,0,34,0,0,0,0,0,0,0,61,0,0,0,0
환상연가,0,0,0,56,0,0,0,0,0,0,0,38,0,0,0,0,0,0,0,79,0,0,0,0,0,0,0,63,0,0,0,0
만물의 영장,0,0,0,57,0,0,0,0,0,0,0,77,0,0,0,0,0,0,0,26,0,0,0,0,0,0,0,44,0,0,0,0
천재의 게임방송,0,0,0,58,0,0,0,0,0,0,0,72,0,0,0,0,0,0,0,28,0,0,0,0,0,0,0,62,0,0,0,0
베어케어,0,0,0,59,0,0,0,0,0,0,0,40,0,0,0,0,0,0,0,57,0,0,0,0,0,0,0,66,0,0,0,0
그 황제가 시곗바늘을 되돌린 사연,0,0,0,60,0,0,0,0,0,0,0,39,0,0,0,0,0,0,0,78,0,0,0,0,0,0,0,56,0,0,0,0
돌아온 여기사,0,0,0,61,0,0,0,0,0,0,0,43,0,0,0,0,0,0,0,74,0,0,0,0,0,0,0,58,0,0,0,0
이계 무슨 황비,0,0,0,62,0,0,0,0,0,0,0,42,0,0,0,0,0,0,0,80,0,0,0,0,0,0,0,31,0,0,0,0
아빠같은 남자,0,0,0,63,0,0,0,0,0,0,0,71,0,0,0,0,0,0,0,33,0,0,0,0,0,0,0,67,0,0,0,0
온새미로,0,0,0,64,0,0,0,0,0,0,0,48,0,0,0,0,0,0,0,73,0,0,0,0,0,0,0,57,0,0,0,0
따개비,0,0,0,65,0,0,0,0,0,0,0,78,0,0,0,0,0,0,0,31,0,0,0,0,0,0,0,73,0,0,0,0
킬더킹,0,0,0,66,0,0,0,0,0,0,0,66,0,0,0,0,0,0,0,39,0,0,0,0,0,0,0,55,0,0,0,0
베니루 BAENIRU,0,0,0,67,0,0,0,0,0,0,0,53,0,0,0,0,0,0,0,52,0,0,0,0,0,0,0,65,0,0,0,0
시에라,0,0,0,68,0,0,0,0,0,0,0,50,0,0,0,0,0,0,0,72,0,0,0,0,0,0,0,59,0,0,0,0
부캐인생,0,0,0,69,0,0,0,0,0,0,0,74,0,0,0,0,0,0,0,37,0,0,0,0,0,0,0,70,0,0,0,0
독거미,0,0,0,70,0,0,0,0,0,0,0,75,0,0,0,0,0,0,0,38,0,0,0,0,0,0,0,80,0,0,0,0
로맨틱 태평수산,0,0,0,71,0,0,0,0,0,0,0,54,0,0,0,0,0,0,0,86,0,0,0,0,0,0,0,72,0,0,0,0
"엔딩, 바꿔보려합니다",0,0,0,72,0,0,0,0,0,0,0,56,0,0,0,0,0,0,0,81,0,0,0,0,0,0,0,87,0,0,0,0
온실 속 화초,0,0,0,73,0,0,0,0,0,0,0,55,0,0,0,0,0,0,0,84,0,0,0,0,0,0,0,69,0,0,0,0
연애의 발견,0,0,0,74,0,0,0,0,0,0,0,58,0,0,0,0,0,0,0,77,0,0,0,0,0,0,0,71,0,0,0,0
자취방 신선들,0,0,0,75,0,0,0,0,0,0,0,63,0,0,0,0,0,0,0,59,0,0,0,0,0,0,0,52,0,0,0,0
35cm,0,0,0,76,0,0,0,0,0,0,0,60,0,0,0,0,0,0,0,71,0,0,0,0,0,0,0,19,0,0,0,0
가상&RPG,0,0,0,77,0,0,0,0,0,0,0,82,0,0,0,0,0,0,0,41,0,0,0,0,0,0,0,74,0,0,0,0
널 사랑하는 죽은 형,0,0,0,78,0,0,0,0,0,0,0,61,0,0,0,0,0,0,0,82,0,0,0,0,0,0,0,76,0,0,0,0
사랑하는 여배우들,0,0,0,79,0,0,0,0,0,0,0,64,0,0,0,0,0,0,0,87,0,0,0,0,0,0,0,77,0,0,0,0
나쁜 마법사의 꿈,0,0,0,80,0,0,0,0,0,0,0,70,0,0,0,0,0,0,0,68,0,0,0,0,0,0,0,78,0,0,0,0
유월의 소한,0,0,0,81,0,0,0,0,0,0,0,68,0,0,0,0,0,0,0,85,0,0,0,0,0,0,0,79,0,0,0,0
모어 라이프,0,0,0,82,0,0,0,0,0,0,0,69,0,0,0,0,0,0,0,83,0,0,0,0,0,0,0,75,0,0,0,0
카루나,0,0,0,83,0,0,0,0,0,0,0,87,0,0,0,0,0,0,0,42,0,0,0,0,0,0,0,83,0,0,0,0
권리행사자,0,0,0,84,0,0,0,0,0,0,0,84,0,0,0,0,0,0,0,58,0,0,0,0,0,0,0,85,0,0,0,0
보물과 괴물의 도시,0,0,0,85,0,0,0,0,0,0,0,83,0,0,0,0,0,0,0,66,0,0,0,0,0,0,0,81,0,0,0,0
배트맨: 웨인 패밀리 어드벤처,0,0,0,86,0,0,0,0,0,0,0,85,0,0,0,0,0,0,0,64,0,0,0,0,0,0,0,86,0,0,0,0
혼모노트,0,0,0,87,0,0,0,0,0,0,0,86,0,0,0,0,0,0,0,62,0,0,0,0,0,0,0,84,0,0,0,0
외모지상주의,0,0,0,0,1,0,0,0,0,0,0,0,11,0,0,0,0,0,0,0,1,0,0,0,0,0,0,0,1,0,0,0
어쩌다보니 천생연분,0,0,0,0,2,0,0,0,0,0,0,0,1,0,0,0,0,0,0,0,6,0,0,0,0,0,0,0,2,0,0,0
광마회귀,0,0,0,0,3,0,0,0,0,0,0,0,25,0,0,0,0,0,0,0,2,0,0,0,0,0,0,0,5,0,0,0
나 혼자 만렙 뉴비,0,0,0,0,4,0,0,0,0,0,0,0,31,0,0,0,0,0,0,0,3,0,0,0,0,0,0,0,6,0,0,0
개를 낳았다,0,0,0,0,5,0,0,0,0,0,0,0,3,0,0,0,0,0,0,0,22,0,0,0,0,0,0,0,3,0,0,0
"언니, 이번 생엔 내가 왕비야",0,0,0,0,7,0,0,0,0,0,0,0,2,0,0,0,0,0,0,0,38,0,0,0,0,0,0,0,7,0,0,0
세기말 풋사과 보습학원,0,0,0,0,8,0,0,0,0,0,0,0,4,0,0,0,0,0,0,0,33,0,0,0,0,0,0,0,8,0,0,0
그렇고 그런 바람에,0,0,0,0,9,0,0,0,0,0,0,0,6,0,0,0,0,0,0,0,57,0,0,0,0,0,0,0,13,0,0,0
데드퀸,0,0,0,0,10,0,0,0,0,0,0,0,37,0,0,0,0,0,0,0,5,0,0,0,0,0,0,0,10,0,0,0
온리호프,0,0,0,0,11,0,0,0,0,0,0,0,7,0,0,0,0,0,0,0,41,0,0,0,0,0,0,0,14,0,0,0
1초,0,0,0,0,12,0,0,0,0,0,0,0,20,0,0,0,0,0,0,0,9,0,0,0,0,0,0,0,15,0,0,0
낙향문사전,0,0,0,0,13,0,0,0,0,0,0,0,57,0,0,0,0,0,0,0,4,0,0,0,0,0,0,0,12,0,0,0
역대급 영지 설계사,0,0,0,0,14,0,0,0,0,0,0,0,33,0,0,0,0,0,0,0,7,0,0,0,0,0,0,0,16,0,0,0
상남자,0,0,0,0,15,0,0,0,0,0,0,0,38,0,0,0,0,0,0,0,10,0,0,0,0,0,0,0,18,0,0,0
사신,0,0,0,0,16,0,0,0,0,0,0,0,60,0,0,0,0,0,0,0,8,0,0,0,0,0,0,0,23,0,0,0
선을 넘은 연애,0,0,0,0,17,0,0,0,0,0,0,0,8,0,0,0,0,0,0,0,40,0,0,0,0,0,0,0,20,0,0,0
너의 미소가 함정,0,0,0,0,18,0,0,0,0,0,0,0,9,0,0,0,0,0,0,0,47,0,0,0,0,0,0,0,19,0,0,0
서울역 드루이드,0,0,0,0,19,0,0,0,0,0,0,0,55,0,0,0,0,0,0,0,11,0,0,0,0,0,0,0,21,0,0,0
성스러운 그대 이르시길,0,0,0,0,20,0,0,0,0,0,0,0,10,0,0,0,0,0,0,0,59,0,0,0,0,0,0,0,24,0,0,0
A.I. 닥터,0,0,0,0,22,0,0,0,0,0,0,0,32,0,0,0,0,0,0,0,17,0,0,0,0,0,0,0,25,0,0,0
언다잉,0,0,0,0,23,0,0,0,0,0,0,0,24,0,0,0,0,0,0,0,20,0,0,0,0,0,0,0,35,0,0,0
히어로 킬러,0,0,0,0,25,0,0,0,0,0,0,0,48,0,0,0,0,0,0,0,15,0,0,0,0,0,0,0,26,0,0,0
폭군님은 착하게 살고 싶어,0,0,0,0,26,0,0,0,0,0,0,0,13,0,0,0,0,0,0,0,54,0,0,0,0,0,0,0,28,0,0,0
문제적 왕자님,0,0,0,0,27,0,0,0,0,0,0,0,14,0,0,0,0,0,0,0,67,0,0,0,0,0,0,0,29,0,0,0
말년용사,0,0,0,0,28,0,0,0,0,0,0,0,66,0,0,0,0,0,0,0,13,0,0,0,0,0,0,0,27,0,0,0
하나는 적고 둘은 너무 많아,0,0,0,0,29,0,0,0,0,0,0,0,15,0,0,0,0,0,0,0,50,0,0,0,0,0,0,0,41,0,0,0
뜨거운 홍차,0,0,0,0,30,0,0,0,0,0,0,0,16,0,0,0,0,0,0,0,48,0,0,0,0,0,0,0,43,0,0,0
푸쉬오프,0,0,0,0,31,0,0,0,0,0,0,0,17,0,0,0,0,0,0,0,46,0,0,0,0,0,0,0,37,0,0,0
아찔한 전남편,0,0,0,0,32,0,0,0,0,0,0,0,18,0,0,0,0,0,0,0,60,0,0,0,0,0,0,0,31,0,0,0
멜빈이 그들에게 남긴 것,0,0,0,0,33,0,0,0,0,0,0,0,19,0,0,0,0,0,0,0,65,0,0,0,0,0,0,0,32,0,0,0
소름일기,0,0,0,0,34,0,0,0,0,0,0,0,26,0,0,0,0,0,0,0,31,0,0,0,0,0,0,0,47,0,0,0
여름여자 하보이,0,0,0,0,35,0,0,0,0,0,0,0,21,0,0,0,0,0,0,0,63,0,0,0,0,0,0,0,40,0,0,0
여자를 사귀고 싶다,0,0,0,0,36,0,0,0,0,0,0,0,36,0,0,0,0,0,0,0,25,0,0,0,0,0,0,0,42,0,0,0
악마라고 불러다오,0,0,0,0,37,0,0,0,0,0,0,0,22,0,0,0,0,0,0,0,62,0,0,0,0,0,0,0,33,0,0,0
더 게이머,0,0,0,0,38,0,0,0,0,0,0,0,72,0,0,0,0,0,0,0,16,0,0,0,0,0,0,0,9,0,0,0
미친 후작을 길들이고 말았다,0,0,0,0,39,0,0,0,0,0,0,0,23,0,0,0,0,0,0,0,53,0,0,0,0,0,0,0,44,0,0,0
이터널 포스,0,0,0,0,40,0,0,0,0,0,0,0,75,0,0,0,0,0,0,0,18,0,0,0,0,0,0,0,45,0,0,0
플레이어,0,0,0,0,41,0,0,0,0,0,0,0,68,0,0,0,0,0,0,0,19,0,0,0,0,0,0,0,36,0,0,0
메소드 연기법,0,0,0,0,42,0,0,0,0,0,0,0,27,0,0,0,0,0,0,0,52,0,0,0,0,0,0,0,49,0,0,0
이게 아닌데,0,0,0,0,43,0,0,0,0,0,0,0,29,0,0,0,0,0,0,0,55,0,0,0,0,0,0,0,38,0,0,0
로또 황녀님,0,0,0,0,44,0,0,0,0,0,0,0,28,0,0,0,0,0,0,0,61,0,0,0,0,0,0,0,39,0,0,0
절대복종,0,0,0,0,45,0,0,0,0,0,0,0,70,0,0,0,0,0,0,0,21,0,0,0,0,0,0,0,52,0,0,0
솔트앤페퍼,0,0,0,0,46,0,0,0,0,0,0,0,30,0,0,0,0,0,0,0,58,0,0,0,0,0,0,0,34,0,0,0
킬 더 드래곤,0,0,0,0,47,0,0,0,0,0,0,0,71,0,0,0,0,0,0,0,23,0,0,0,0,0,0,0,48,0,0,0
달이 없는 나라,0,0,0,0,48,0,0,0,0,0,0,0,34,0,0,0,0,0,0,0,66,0,0,0,0,0,0,0,54,0,0,0
네버엔딩달링,0,0,0,0,49,0,0,0,0,0,0,0,35,0,0,0,0,0,0,0,56,0,0,0,0,0,0,0,46,0,0,0
상위1%,0,0,0,0,50,0,0,0,0,0,0,0,53,0,0,0,0,0,0,0,26,0,0,0,0,0,0,0,51,0,0,0
지옥 키우기,0,0,0,0,51,0,0,0,0,0,0,0,52,0,0,0,0,0,0,0,27,0,0,0,0,0,0,0,58,0,0,0
천하제일 대사형,0,0,0,0,52,0,0,0,0,0,0,0,64,0,0,0,0,0,0,0,24,0,0,0,0,0,0,0,67,0,0,0
후덜덜덜 남극전자,0,0,0,0,53,0,0,0,0,0,0,0,56,0,0,0,0,0,0,0,28,0,0,0,0,0,0,0,50,0,0,0
스토커의 하루,0,0,0,0,54,0,0,0,0,0,0,0,45,0,0,0,0,0,0,0,43,0,0,0,0,0,0,0,56,0,0,0
드래곤의 심장을 가지고 있습니다,0,0,0,0,55,0,0,0,0,0,0,0,40,0,0,0,0,0,0,0,64,0,0,0,0,0,0,0,53,0,0,0
짝사랑 마들렌,0,0,0,0,56,0,0,0,0,0,0,0,39,0,0,0,0,0,0,0,78,0,0,0,0,0,0,0,60,0,0,0
여름의 너에게,0,0,0,0,57,0,0,0,0,0,0,0,41,0,0,0,0,0,0,0,69,0,0,0,0,0,0,0,55,0,0,0
기억해줘,0,0,0,0,58,0,0,0,0,0,0,0,43,0,0,0,0,0,0,0,68,0,0,0,0,0,0,0,65,0,0,0
너의 키스씬,0,0,0,0,59,0,0,0,0,0,0,0,42,0,0,0,0,0,0,0,74,0,0,0,0,0,0,0,57,0,0,0
스포,0,0,0,0,60,0,0,0,0,0,0,0,67,0,0,0,0,0,0,0,30,0,0,0,0,0,0,0,64,0,0,0
별빛 커튼콜,0,0,0,0,61,0,0,0,0,0,0,0,44,0,0,0,0,0,0,0,75,0,0,0,0,0,0,0,59,0,0,0
트럼프,0,0,0,0,62,0,0,0,0,0,0,0,49,0,0,0,0,0,0,0,51,0,0,0,0,0,0,0,17,0,0,0
백년게임,0,0,0,0,64,0,0,0,0,0,0,0,74,0,0,0,0,0,0,0,29,0,0,0,0,0,0,0,62,0,0,0
세라는 망돌,0,0,0,0,65,0,0,0,0,0,0,0,47,0,0,0,0,0,0,0,77,0,0,0,0,0,0,0,77,0,0,0
지니오패스,0,0,0,0,66,0,0,0,0,0,0,0,59,0,0,0,0,0,0,0,36,0,0,0,0,0,0,0,69,0,0,0
천상의 주인,0,0,0,0,67,0,0,0,0,0,0,0,76,0,0,0,0,0,0,0,32,0,0,0,0,0,0,0,70,0,0,0
인피니티,0,0,0,0,68,0,0,0,0,0,0,0,73,0,0,0,0,0,0,0,35,0,0,0,0,0,0,0,66,0,0,0
태권보이,0,0,0,0,69,0,0,0,0,0,0,0,78,0,0,0,0,0,0,0,34,0,0,0,0,0,0,0,68,0,0,0
재앙의 날,0,0,0,0,70,0,0,0,0,0,0,0,69,0,0,0,0,0,0,0,37,0,0,0,0,0,0,0,73,0,0,0
팬시X팬시,0,0,0,0,71,0,0,0,0,0,0,0,50,0,0,0,0,0,0,0,70,0,0,0,0,0,0,0,63,0,0,0
비밀친구,0,0,0,0,72,0,0,0,0,0,0,0,63,0,0,0,0,0,0,0,44,0,0,0,0,0,0,0,72,0,0,0
미드우트,0,0,0,0,73,0,0,0,0,0,0,0,65,0,0,0,0,0,0,0,49,0,0,0,0,0,0,0,74,0,0,0
합법해적 파르페,0,0,0,0,74,0,0,0,0,0,0,0,54,0,0,0,0,0,0,0,72,0,0,0,0,0,0,0,71,0,0,0
몽홀,0,0,0,0,75,0,0,0,0,0,0,0,77,0,0,0,0,0,0,0,45,0,0,0,0,0,0,0,30,0,0,0
서울시 천사주의,0,0,0,0,76,0,0,0,0,0,0,0,58,0,0,0,0,0,0,0,71,0,0,0,0,0,0,0,75,0,0,0
스치면 인연 스며들면 사랑,0,0,0,0,77,0,0,0,0,0,0,0,61,0,0,0,0,0,0,0,76,0,0,0,0,0,0,0,78,0,0,0
너에게 입덕중,0,0,0,0,78,0,0,0,0,0,0,0,62,0,0,0,0,0,0,0,73,0,0,0,0,0,0,0,76,0,0,0
99강화나무몽둥이,0,0,0,0,0,2,0,0,0,0,0,0,0,18,0,0,0,0,0,0,0,1,0,0,0,0,0,0,0,3,0,0
호랑이형님,0,0,0,0,0,3,0,0,0,0,0,0,0,28,0,0,0,0,0,0,0,2,0,0,0,0,0,0,0,1,0,0
세레나,0,0,0,0,0,4,0,0,0,0,0,0,0,2,0,0,0,0,0,0,0,34,0,0,0,0,0,0,0,4,0,0
취사병 전설이 되다,0,0,0,0,0,5,0,0,0,0,0,0,0,13,0,0,0,0,0,0,0,3,0,0,0,0,0,0,0,6,0,0
아홉수 우리들,0,0,0,0,0,6,0,0,0,0,0,0,0,3,0,0,0,0,0,0,0,38,0,0,0,0,0,0,0,9,0,0
반드시 해피엔딩,0,0,0,0,0,8,0,0,0,0,0,0,0,4,0,0,0,0,0,0,0,41,0,0,0,0,0,0,0,7,0,0
프리드로우,0,0,0,0,0,9,0,0,0,0,0,0,0,29,0,0,0,0,0,0,0,4,0,0,0,0,0,0,0,2,0,0
작전명 순정,0,0,0,0,0,10,0,0,0,0,0,0,0,6,0,0,0,0,0,0,0,49,0,0,0,0,0,0,0,11,0,0
망나니 소교주로 환생했다,0,0,0,0,0,11,0,0,0,0,0,0,0,49,0,0,0,0,0,0,0,5,0,0,0,0,0,0,0,15,0,0
청춘 블라썸,0,0,0,0,0,13,0,0,0,0,0,0,0,7,0,0,0,0,0,0,0,37,0,0,0,0,0,0,0,10,0,0
은탄,0,0,0,0,0,14,0,0,0,0,0,0,0,50,0,0,0,0,0,0,0,6,0,0,0,0,0,0,0,21,0,0
대충 캠퍼스로맨스임,0,0,0,0,0,15,0,0,0,0,0,0,0,8,0,0,0,0,0,0,0,56,0,0,0,0,0,0,0,20,0,0
존잘주의,0,0,0,0,0,16,0,0,0,0,0,0,0,9,0,0,0,0,0,0,0,42,0,0,0,0,0,0,0,12,0,0
스터디그룹,0,0,0,0,0,17,0,0,0,0,0,0,0,39,0,0,0,0,0,0,0,8,0,0,0,0,0,0,0,13,0,0
남편 먹는 여자,0,0,0,0,0,18,0,0,0,0,0,0,0,10,0,0,0,0,0,0,0,47,0,0,0,0,0,0,0,24,0,0
나를 바꿔줘,0,0,0,0,0,19,0,0,0,0,0,0,0,14,0,0,0,0,0,0,0,35,0,0,0,0,0,0,0,19,0,0
남편을 만렙으로 키우려 합니다,0,0,0,0,0,20,0,0,0,0,0,0,0,12,0,0,0,0,0,0,0,48,0,0,0,0,0,0,0,18,0,0
간첩 18세,0,0,0,0,0,21,0,0,0,0,0,0,0,57,0,0,0,0,0,0,0,7,0,0,0,0,0,0,0,29,0,0
소공녀 민트,0,0,0,0,0,23,0,0,0,0,0,0,0,15,0,0,0,0,0,0,0,50,0,0,0,0,0,0,0,16,0,0
홍시는 날 좋아해!,0,0,0,0,0,25,0,0,0,0,0,0,0,16,0,0,0,0,0,0,0,60,0,0,0,0,0,0,0,17,0,0
"나태 공자, 노력 천재 되다",0,0,0,0,0,26,0,0,0,0,0,0,0,55,0,0,0,0,0,0,0,9,0,0,0,0,0,0,0,33,0,0
광해의 연인,0,0,0,0,0,27,0,0,0,0,0,0,0,17,0,0,0,0,0,0,0,67,0,0,0,0,0,0,0,23,0,0
완벽한 부부는 없다,0,0,0,0,0,28,0,0,0,0,0,0,0,19,0,0,0,0,0,0,0,53,0,0,0,0,0,0,0,27,0,0
폭군 남편과 이혼하겠습니다,0,0,0,0,0,30,0,0,0,0,0,0,0,20,0,0,0,0,0,0,0,59,0,0,0,0,0,0,0,30,0,0
팬인데 왜요,0,0,0,0,0,32,0,0,0,0,0,0,0,21,0,0,0,0,0,0,0,58,0,0,0,0,0,0,0,35,0,0
같은 학교 친구,0,0,0,0,0,33,0,0,0,0,0,0,0,23,0,0,0,0,0,0,0,46,0,0,0,0,0,0,0,28,0,0
민간인 통제구역 - 일급기밀,0,0,0,0,0,34,0,0,0,0,0,0,0,53,0,0,0,0,0,0,0,14,0,0,0,0,0,0,0,49,0,0
용두사망 소설 속의 악녀가 되었다,0,0,0,0,0,35,0,0,0,0,0,0,0,22,0,0,0,0,0,0,0,66,0,0,0,0,0,0,0,34,0,0
묘령의 황자,0,0,0,0,0,36,0,0,0,0,0,0,0,24,0,0,0,0,0,0,0,73,0,0,0,0,0,0,0,36,0,0
키스 식스 센스,0,0,0,0,0,37,0,0,0,0,0,0,0,25,0,0,0,0,0,0,0,62,0,0,0,0,0,0,0,22,0,0
물위의 우리,0,0,0,0,0,38,0,0,0,0,0,0,0,32,0,0,0,0,0,0,0,40,0,0,0,0,0,0,0,45,0,0
아사,0,0,0,0,0,39,0,0,0,0,0,0,0,41,0,0,0,0,0,0,0,28,0,0,0,0,0,0,0,42,0,0
탑코너,0,0,0,0,0,40,0,0,0,0,0,0,0,69,0,0,0,0,0,0,0,13,0,0,0,0,0,0,0,37,0,0
미나 이퀄,0,0,0,0,0,41,0,0,0,0,0,0,0,48,0,0,0,0,0,0,0,19,0,0,0,0,0,0,0,51,0,0
복수를 위한 결혼동맹,0,0,0,0,0,42,0,0,0,0,0,0,0,27,0,0,0,0,0,0,0,72,0,0,0,0,0,0,0,40,0,0
아이돌만 하고 싶었는데,0,0,0,0,0,43,0,0,0,0,0,0,0,31,0,0,0,0,0,0,0,61,0,0,0,0,0,0,0,47,0,0
좀비 파이트,0,0,0,0,0,44,0,0,0,0,0,0,0,62,0,0,0,0,0,0,0,15,0,0,0,0,0,0,0,43,0,0
전생연분,0,0,0,0,0,45,0,0,0,0,0,0,0,33,0,0,0,0,0,0,0,69,0,0,0,0,0,0,0,39,0,0
어글리후드,0,0,0,0,0,46,0,0,0,0,0,0,0,45,0,0,0,0,0,0,0,30,0,0,0,0,0,0,0,26,0,0
디펜스 게임의 폭군이 되었다,0,0,0,0,0,47,0,0,0,0,0,0,0,64,0,0,0,0,0,0,0,20,0,0,0,0,0,0,0,53,0,0
태백 : 튜토리얼 맨,0,0,0,0,0,48,0,0,0,0,0,0,0,75,0,0,0,0,0,0,0,18,0,0,0,0,0,0,0,46,0,0
나이트런,0,0,0,0,0,49,0,0,0,0,0,0,0,70,0,0,0,0,0,0,0,21,0,0,0,0,0,0,0,32,0,0
모두 너였다,0,0,0,0,0,50,0,0,0,0,0,0,0,35,0,0,0,0,0,0,0,65,0,0,0,0,0,0,0,50,0,0
메트로헌터,0,0,0,0,0,51,0,0,0,0,0,0,0,80,0,0,0,0,0,0,0,22,0,0,0,0,0,0,0,56,0,0
이계진입 리로디드,0,0,0,0,0,52,0,0,0,0,0,0,0,67,0,0,0,0,0,0,0,24,0,0,0,0,0,0,0,58,0,0
용사참수인,0,0,0,0,0,53,0,0,0,0,0,0,0,82,0,0,0,0,0,0,0,23,0,0,0,0,0,0,0,60,0,0
"다비, 아찔하게 흐르는",0,0,0,0,0,54,0,0,0,0,0,0,0,37,0,0,0,0,0,0,0,75,0,0,0,0,0,0,0,54,0,0
공유몽,0,0,0,0,0,55,0,0,0,0,0,0,0,71,0,0,0,0,0,0,0,27,0,0,0,0,0,0,0,52,0,0
엑스애쉬,0,0,0,0,0,56,0,0,0,0,0,0,0,74,0,0,0,0,0,0,0,25,0,0,0,0,0,0,0,62,0,0
마법사가 죽음을 맞이하는 방법,0,0,0,0,0,57,0,0,0,0,0,0,0,42,0,0,0,0,0,0,0,52,0,0,0,0,0,0,0,48,0,0
중매쟁이 아가 황녀님,0,0,0,0,0,58,0,0,0,0,0,0,0,40,0,0,0,0,0,0,0,71,0,0,0,0,0,0,0,44,0,0
키스의 여왕,0,0,0,0,0,59,0,0,0,0,0,0,0,38,0,0,0,0,0,0,0,76,0,0,0,0,0,0,0,61,0,0
왕세자 입학도,0,0,0,0,0,60,0,0,0,0,0,0,0,44,0,0,0,0,0,0,0,64,0,0,0,0,0,0,0,59,0,0
최강부캐,0,0,0,0,0,61,0,0,0,0,0,0,0,78,0,0,0,0,0,0,0,29,0,0,0,0,0,0,0,57,0,0
청춘일지,0,0,0,0,0,62,0,0,0,0,0,0,0,43,0,0,0,0,0,0,0,74,0,0,0,0,0,0,0,63,0,0
은둔코인,0,0,0,0,0,63,0,0,0,0,0,0,0,65,0,0,0,0,0,0,0,33,0,0,0,0,0,0,0,66,0,0
최면학교,0,0,0,0,0,64,0,0,0,0,0,0,0,68,0,0,0,0,0,0,0,32,0,0,0,0,0,0,0,55,0,0
시선 끝 브로콜리,0,0,0,0,0,65,0,0,0,0,0,0,0,46,0,0,0,0,0,0,0,68,0,0,0,0,0,0,0,78,0,0
적월의 나라,0,0,0,0,0,66,0,0,0,0,0,0,0,79,0,0,0,0,0,0,0,31,0,0,0,0,0,0,0,70,0,0
배달의 신,0,0,0,0,0,67,0,0,0,0,0,0,0,51,0,0,0,0,0,0,0,45,0,0,0,0,0,0,0,64,0,0
이건 그냥 연애 이야기,0,0,0,0,0,68,0,0,0,0,0,0,0,47,0,0,0,0,0,0,0,82,0,0,0,0,0,0,0,72,0,0
소년 검사,0,0,0,0,0,69,0,0,0,0,0,0,0,81,0,0,0,0,0,0,0,36,0,0,0,0,0,0,0,71,0,0
겨울특강,0,0,0,0,0,70,0,0,0,0,0,0,0,56,0,0,0,0,0,0,0,51,0,0,0,0,0,0,0,81,0,0
숨겨진 성녀,0,0,0,0,0,71,0,0,0,0,0,0,0,52,0,0,0,0,0,0,0,81,0,0,0,0,0,0,0,67,0,0
7FATES: CHAKHO,0,0,0,0,0,72,0,0,0,0,0,0,0,66,0,0,0,0,0,0,0,44,0,0,0,0,0,0,0,69,0,0
지옥급식,0,0,0,0,0,73,0,0,0,0,0,0,0,77,0,0,0,0,0,0,0,43,0,0,0,0,0,0,0,65,0,0
아가사,0,0,0,0,0,74,0,0,0,0,0,0,0,54,0,0,0,0,0,0,0,83,0,0,0,0,0,0,0,73,0,0
왕년엔 용사님,0,0,0,0,0,75,0,0,0,0,0,0,0,61,0,0,0,0,0,0,0,55,0,0,0,0,0,0,0,68,0,0
좋아해 아니 싫어해,0,0,0,0,0,76,0,0,0,0,0,0,0,63,0,0,0,0,0,0,0,63,0,0,0,0,0,0,0,77,0,0
밤을 깨우는 마법,0,0,0,0,0,77,0,0,0,0,0,0,0,58,0,0,0,0,0,0,0,78,0,0,0,0,0,0,0,76,0,0
보듬보듬,0,0,0,0,0,78,0,0,0,0,0,0,0,59,0,0,0,0,0,0,0,79,0,0,0,0,0,0,0,80,0,0
아침을 지나 밤으로,0,0,0,0,0,79,0,0,0,0,0,0,0,60,0,0,0,0,0,0,0,80,0,0,0,0,0,0,0,74,0,0
스트릿 워크아웃,0,0,0,0,0,80,0,0,0,0,0,0,0,72,0,0,0,0,0,0,0,57,0,0,0,0,0,0,0,75,0,0
도사 가온,0,0,0,0,0,81,0,0,0,0,0,0,0,83,0,0,0,0,0,0,0,54,0,0,0,0,0,0,0,79,0,0
보고 있지?,0,0,0,0,0,82,0,0,0,0,0,0,0,73,0,0,0,0,0,0,0,70,0,0,0,0,0,0,0,82,0,0
실버 쥬얼,0,0,0,0,0,83,0,0,0,0,0,0,0,76,0,0,0,0,0,0,0,77,0,0,0,0,0,0,0,83,0,0
싸움독학,0,0,0,0,0,0,1,0,0,0,0,0,0,0,10,0,0,0,0,0,0,0,1,0,0,0,0,0,0,0,1,0
입학용병,0,0,0,0,0,0,2,0,0,0,0,0,0,0,20,0,0,0,0,0,0,0,2,0,0,0,0,0,0,0,2,0
시월드가 내게 집착한다,0,0,0,0,0,0,3,0,0,0,0,0,0,0,1,0,0,0,0,0,0,0,30,0,0,0,0,0,0,0,4,0
사형소년,0,0,0,0,0,0,4,0,0,0,0,0,0,0,14,0,0,0,0,0,0,0,3,0,0,0,0,0,0,0,8,0
자매전쟁,0,0,0,0,0,0,5,0,0,0,0,0,0,0,2,0,0,0,0,0,0,0,22,0,0,0,0,0,0,0,5,0
약한영웅,0,0,0,0,0,0,6,0,0,0,0,0,0,0,32,0,0,0,0,0,0,0,4,0,0,0,0,0,0,0,6,0
"곱게 키웠더니, 짐승",0,0,0,0,0,0,7,0,0,0,0,0,0,0,3,0,0,0,0,0,0,0,27,0,0,0,0,0,0,0,3,0
칼끝에 입술,0,0,0,0,0,0,8,0,0,0,0,0,0,0,4,0,0,0,0,0,0,0,38,0,0,0,0,0,0,0,9,0
동생친구,0,0,0,0,0,0,9,0,0,0,0,0,0,0,5,0,0,0,0,0,0,0,32,0,0,0,0,0,0,0,10,0
천하제일인,0,0,0,0,0,0,10,0,0,0,0,0,0,0,64,0,0,0,0,0,0,0,5,0,0,0,0,0,0,0,14,0
고백 취소도 되나?,0,0,0,0,0,0,11,0,0,0,0,0,0,0,6,0,0,0,0,0,0,0,35,0,0,0,0,0,0,0,11,0
수희0(tngmlek0),0,0,0,0,0,0,12,0,0,0,0,0,0,0,8,0,0,0,0,0,0,0,19,0,0,0,0,0,0,0,15,0
살아남은 로맨스,0,0,0,0,0,0,13,0,0,0,0,0,0,0,7,0,0,0,0,0,0,0,36,0,0,0,0,0,0,0,13,0
판사 이한영,0,0,0,0,0,0,14,0,0,0,0,0,0,0,30,0,0,0,0,0,0,0,6,0,0,0,0,0,0,0,17,0
내일,0,0,0,0,0,0,15,0,0,0,0,0,0,0,11,0,0,0,0,0,0,0,25,0,0,0,0,0,0,0,12,0
위험한 남편을 길들이는 법,0,0,0,0,0,0,16,0,0,0,0,0,0,0,9,0,0,0,0,0,0,0,46,0,0,0,0,0,0,0,19,0
약빨이 신선함,0,0,0,0,0,0,17,0,0,0,0,0,0,0,47,0,0,0,0,0,0,0,8,0,0,0,0,0,0,0,29,0
몸이 바뀌는 사정,0,0,0,0,0,0,19,0,0,0,0,0,0,0,12,0,0,0,0,0,0,0,55,0,0,0,0,0,0,0,23,0
분신으로 자동사냥,0,0,0,0,0,0,20,0,0,0,0,0,0,0,66,0,0,0,0,0,0,0,7,0,0,0,0,0,0,0,28,0
아카데미에 위장취업당했다,0,0,0,0,0,0,21,0,0,0,0,0,0,0,44,0,0,0,0,0,0,0,10,0,0,0,0,0,0,0,26,0
합격시켜주세용,0,0,0,0,0,0,22,0,0,0,0,0,0,0,15,0,0,0,0,0,0,0,31,0,0,0,0,0,0,0,22,0
어느날 갑자기 서울은,0,0,0,0,0,0,23,0,0,0,0,0,0,0,38,0,0,0,0,0,0,0,13,0,0,0,0,0,0,0,24,0
오로지 너를 이기고 싶어,0,0,0,0,0,0,24,0,0,0,0,0,0,0,33,0,0,0,0,0,0,0,18,0,0,0,0,0,0,0,16,0
장풍전,0,0,0,0,0,0,25,0,0,0,0,0,0,0,78,0,0,0,0,0,0,0,9,0,0,0,0,0,0,0,34,0
무서운게 딱좋아!,0,0,0,0,0,0,26,0,0,0,0,0,0,0,24,0,0,0,0,0,0,0,26,0,0,0,0,0,0,0,25,0
백설을 위하여,0,0,0,0,0,0,27,0,0,0,0,0,0,0,16,0,0,0,0,0,0,0,47,0,0,0,0,0,0,0,20,0
내곁엔 없을까,0,0,0,0,0,0,28,0,0,0,0,0,0,0,17,0,0,0,0,0,0,0,49,0,0,0,0,0,0,0,35,0
폰투스 : 극야2,0,0,0,0,0,0,29,0,0,0,0,0,0,0,68,0,0,0,0,0,0,0,11,0,0,0,0,0,0,0,46,0
위닝샷!,0,0,0,0,0,0,30,0,0,0,0,0,0,0,71,0,0,0,0,0,0,0,12,0,0,0,0,0,0,0,38,0
장미같은 소리,0,0,0,0,0,0,31,0,0,0,0,0,0,0,18,0,0,0,0,0,0,0,69,0,0,0,0,0,0,0,33,0
결혼까지 망상했어!,0,0,0,0,0,0,32,0,0,0,0,0,0,0,19,0,0,0,0,0,0,0,65,0,0,0,0,0,0,0,27,0
나의 작은 서점,0,0,0,0,0,0,33,0,0,0,0,0,0,0,21,0,0,0,0,0,0,0,48,0,0,0,0,0,0,0,36,0
가비지타임,0,0,0,0,0,0,34,0,0,0,0,0,0,0,60,0,0,0,0,0,0,0,14,0,0,0,0,0,0,0,30,0
경자 전성시대,0,0,0,0,0,0,35,0,0,0,0,0,0,0,52,0,0,0,0,0,0,0,17,0,0,0,0,0,0,0,39,0
108명의 그녀들,0,0,0,0,0,0,36,0,0,0,0,0,0,0,22,0,0,0,0,0,0,0,64,0,0,0,0,0,0,0,32,0
완벽한 파트너,0,0,0,0,0,0,37,0,0,0,0,0,0,0,23,0,0,0,0,0,0,0,62,0,0,0,0,0,0,0,53,0
돌&아이,0,0,0,0,0,0,38,0,0,0,0,0,0,0,25,0,0,0,0,0,0,0,50,0,0,0,0,0,0,0,31,0
마법스크롤 상인 지오,0,0,0,0,0,0,39,0,0,0,0,0,0,0,76,0,0,0,0,0,0,0,15,0,0,0,0,0,0,0,7,0
보스의 노골적 취향,0,0,0,0,0,0,40,0,0,0,0,0,0,0,26,0,0,0,0,0,0,0,63,0,0,0,0,0,0,0,37,0
손 안의 안단테,0,0,0,0,0,0,41,0,0,0,0,0,0,0,27,0,0,0,0,0,0,0,61,0,0,0,0,0,0,0,50,0
노량진 공격대,0,0,0,0,0,0,42,0,0,0,0,0,0,0,77,0,0,0,0,0,0,0,16,0,0,0,0,0,0,0,55,0
홍 의관의 은밀한 비밀,0,0,0,0,0,0,43,0,0,0,0,0,0,0,29,0,0,0,0,0,0,0,52,0,0,0,0,0,0,0,44,0
랑데뷰,0,0,0,0,0,0,44,0,0,0,0,0,0,0,28,0,0,0,0,0,0,0,71,0,0,0,0,0,0,0,49,0
일타강사 백사부,0,0,0,0,0,0,45,0,0,0,0,0,0,0,65,0,0,0,0,0,0,0,20,0,0,0,0,0,0,0,40,0
생존로그,0,0,0,0,0,0,46,0,0,0,0,0,0,0,53,0,0,0,0,0,0,0,24,0,0,0,0,0,0,0,43,0
키미앤조이,0,0,0,0,0,0,47,0,0,0,0,0,0,0,31,0,0,0,0,0,0,0,72,0,0,0,0,0,0,0,54,0
헬스던전,0,0,0,0,0,0,48,0,0,0,0,0,0,0,75,0,0,0,0,0,0,0,21,0,0,0,0,0,0,0,58,0
청춘계시록,0,0,0,0,0,0,49,0,0,0,0,0,0,0,34,0,0,0,0,0,0,0,60,0,0,0,0,0,0,0,69,0
천년간 노려왔습니다,0,0,0,0,0,0,50,0,0,0,0,0,0,0,35,0,0,0,0,0,0,0,59,0,0,0,0,0,0,0,42,0
여우애담,0,0,0,0,0,0,51,0,0,0,0,0,0,0,37,0,0,0,0,0,0,0,54,0,0,0,0,0,0,0,48,0
"아마도, 굿모닝",0,0,0,0,0,0,52,0,0,0,0,0,0,0,36,0,0,0,0,0,0,0,73,0,0,0,0,0,0,0,59,0
하렘에서 살아남기,0,0,0,0,0,0,53,0,0,0,0,0,0,0,39,0,0,0,0,0,0,0,56,0,0,0,0,0,0,0,51,0
천치전능,0,0,0,0,0,0,54,0,0,0,0,0,0,0,72,0,0,0,0,0,0,0,23,0,0,0,0,0,0,0,60,0
마섹남 - 마술하는 섹시한 남자,0,0,0,0,0,0,55,0,0,0,0,0,0,0,41,0,0,0,0,0,0,0,68,0,0,0,0,0,0,0,47,0
마왕의 고백,0,0,0,0,0,0,56,0,0,0,0,0,0,0,43,0,0,0,0,0,0,0,45,0,0,0,0,0,0,0,56,0
샤인 스타,0,0,0,0,0,0,57,0,0,0,0,0,0,0,40,0,0,0,0,0,0,0,74,0,0,0,0,0,0,0,57,0
DARK MOON: 달의 제단,0,0,0,0,0,0,58,0,0,0,0,0,0,0,42,0,0,0,0,0,0,0,67,0,0,0,0,0,0,0,41,0
평행도시,0,0,0,0,0,0,59,0,0,0,0,0,0,0,63,0,0,0,0,0,0,0,29,0,0,0,0,0,0,0,52,0
사람은 고쳐 쓰는 게 아니야!,0,0,0,0,0,0,60,0,0,0,0,0,0,0,45,0,0,0,0,0,0,0,66,0,0,0,0,0,0,0,45,0
패션쇼,0,0,0,0,0,0,61,0,0,0,0,0,0,0,51,0,0,0,0,0,0,0,43,0,0,0,0,0,0,0,75,0
킬링킬러,0,0,0,0,0,0,62,0,0,0,0,0,0,0,70,0,0,0,0,0,0,0,28,0,0,0,0,0,0,0,65,0
소녀재판,0,0,0,0,0,0,63,0,0,0,0,0,0,0,48,0,0,0,0,0,0,0,57,0,0,0,0,0,0,0,21,0
어떤소란,0,0,0,0,0,0,64,0,0,0,0,0,0,0,46,0,0,0,0,0,0,0,79,0,0,0,0,0,0,0,70,0
전설의 화석,0,0,0,0,0,0,65,0,0,0,0,0,0,0,55,0,0,0,0,0,0,0,44,0,0,0,0,0,0,0,68,0
거래하실래요?,0,0,0,0,0,0,66,0,0,0,0,0,0,0,49,0,0,0,0,0,0,0,76,0,0,0,0,0,0,0,64,0
데빌샷,0,0,0,0,0,0,67,0,0,0,0,0,0,0,57,0,0,0,0,0,0,0,42,0,0,0,0,0,0,0,63,0
6월의 라벤더,0,0,0,0,0,0,68,0,0,0,0,0,0,0,50,0,0,0,0,0,0,0,78,0,0,0,0,0,0,0,71,0
생존고백,0,0,0,0,0,0,69,0,0,0,0,0,0,0,69,0,0,0,0,0,0,0,34,0,0,0,0,0,0,0,66,0
후궁 스캔들,0,0,0,0,0,0,70,0,0,0,0,0,0,0,54,0,0,0,0,0,0,0,58,0,0,0,0,0,0,0,62,0
블러드 리벤저,0,0,0,0,0,0,71,0,0,0,0,0,0,0,79,0,0,0,0,0,0,0,33,0,0,0,0,0,0,0,72,0
그림자 잡기,0,0,0,0,0,0,72,0,0,0,0,0,0,0,61,0,0,0,0,0,0,0,40,0,0,0,0,0,0,0,79,0
조선여우스캔들,0,0,0,0,0,0,73,0,0,0,0,0,0,0,56,0,0,0,0,0,0,0,75,0,0,0,0,0,0,0,61,0
마도,0,0,0,0,0,0,74,0,0,0,0,0,0,0,73,0,0,0,0,0,0,0,37,0,0,0,0,0,0,0,73,0
철수와 영희 이야기,0,0,0,0,0,0,75,0,0,0,0,0,0,0,62,0,0,0,0,0,0,0,53,0,0,0,0,0,0,0,67,0
"구해줘, 호구!",0,0,0,0,0,0,76,0,0,0,0,0,0,0,58,0,0,0,0,0,0,0,77,0,0,0,0,0,0,0,74,0
독신마법사 기숙아파트,0,0,0,0,0,0,77,0,0,0,0,0,0,0,59,0,0,0,0,0,0,0,70,0,0,0,0,0,0,0,76,0
보통아이,0,0,0,0,0,0,78,0,0,0,0,0,0,0,67,0,0,0,0,0,0,0,51,0,0,0,0,0,0,0,77,0
밀실 마피아 게임,0,0,0,0,0,0,79,0,0,0,0,0,0,0,74,0,0,0,0,0,0,0,41,0,0,0,0,0,0,0,78,0
통 엣지 [완전판],0,0,0,0,0,0,0,1,0,0,0,0,0,0,0,18,0,0,0,0,0,0,0,1,0,0,0,0,0,0,0,36
후궁의 초대,0,0,0,0,0,0,0,2,0,0,0,0,0,0,0,1,0,0,0,0,0,0,0,18,0,0,0,0,0,0,0,3
일진담당일진,0,0,0,0,0,0,0,3,0,0,0,0,0,0,0,8,0,0,0,0,0,0,0,2,0,0,0,0,0,0,0,2
마녀의 소녀,0,0,0,0,0,0,0,4,0,0,0,0,0,0,0,2,0,0,0,0,0,0,0,16,0,0,0,0,0,0,0,40
신부가 필요해,0,0,0,0,0,0,0,5,0,0,0,0,0,0,0,4,0,0,0,0,0,0,0,20,0,0,0,0,0,0,0,1
숲속에서 공작이 주운 것은,0,0,0,0,0,0,0,6,0,0,0,0,0,0,0,3,0,0,0,0,0,0,0,26,0,0,0,0,0,0,0,4
선녀외전,0,0,0,0,0,0,0,7,0,0,0,0,0,0,0,5,0,0,0,0,0,0,0,14,0,0,0,0,0,0,0,43
전생했더니 신입사원,0,0,0,0,0,0,0,8,0,0,0,0,0,0,0,11,0,0,0,0,0,0,0,3,0,0,0,0,0,0,0,53
아기 볼모가 너무 귀여워,0,0,0,0,0,0,0,9,0,0,0,0,0,0,0,7,0,0,0,0,0,0,0,25,0,0,0,0,0,0,0,29
꿈에서 자유로,0,0,0,0,0,0,0,10,0,0,0,0,0,0,0,6,0,0,0,0,0,0,0,39,0,0,0,0,0,0,0,19
일신상의 이유로 잠시 휴재합니다,0,0,0,0,0,0,0,11,0,0,0,0,0,0,0,25,0,0,0,0,0,0,0,4,0,0,0,0,0,0,0,20
신 고구려전기,0,0,0,0,0,0,0,12,0,0,0,0,0,0,0,34,0,0,0,0,0,0,0,5,0,0,0,0,0,0,0,41
간택주의보,0,0,0,0,0,0,0,13,0,0,0,0,0,0,0,9,0,0,0,0,0,0,0,36,0,0,0,0,0,0,0,12
싸움꾼,0,0,0,0,0,0,0,14,0,0,0,0,0,0,0,44,0,0,0,0,0,0,0,6,0,0,0,0,0,0,0,75
저주가 저주가 아닌 게 저주,0,0,0,0,0,0,0,15,0,0,0,0,0,0,0,10,0,0,0,0,0,0,0,34,0,0,0,0,0,0,0,68
진검승부,0,0,0,0,0,0,0,16,0,0,0,0,0,0,0,16,0,0,0,0,0,0,0,7,0,0,0,0,0,0,0,81
흙탕물,0,0,0,0,0,0,0,17,0,0,0,0,0,0,0,14,0,0,0,0,0,0,0,11,0,0,0,0,0,0,0,54
제 3 아파트,0,0,0,0,0,0,0,18,0,0,0,0,0,0,0,13,0,0,0,0,0,0,0,15,0,0,0,0,0,0,0,23
끈,0,0,0,0,0,0,0,19,0,0,0,0,0,0,0,17,0,0,0,0,0,0,0,13,0,0,0,0,0,0,0,66
고양이 키스,0,0,0,0,0,0,0,20,0,0,0,0,0,0,0,12,0,0,0,0,0,0,0,43,0,0,0,0,0,0,0,65
위대한 가문의 검술 천재가 되었다,0,0,0,0,0,0,0,21,0,0,0,0,0,0,0,47,0,0,0,0,0,0,0,8,0,0,0,0,0,0,0,30
시크릿 플레이어,0,0,0,0,0,0,0,22,0,0,0,0,0,0,0,45,0,0,0,0,0,0,0,9,0,0,0,0,0,0,0,93
북경신보,0,0,0,0,0,0,0,23,0,0,0,0,0,0,0,64,0,0,0,0,0,0,0,10,0,0,0,0,0,0,0,88
지금부터 황제의 마음을 빼앗겠습니다,0,0,0,0,0,0,0,24,0,0,0,0,0,0,0,15,0,0,0,0,0,0,0,62,0,0,0,0,0,0,0,9
동통대학교,0,0,0,0,0,0,0,25,0,0,0,0,0,0,0,51,0,0,0,0,0,0,0,12,0,0,0,0,0,0,0,84
크라임 퍼즐 시즌2,0,0,0,0,0,0,0,26,0,0,0,0,0,0,0,32,0,0,0,0,0,0,0,17,0,0,0,0,0,0,0,64
나쁜 피,0,0,0,0,0,0,0,27,0,0,0,0,0,0,0,27,0,0,0,0,0,0,0,21,0,0,0,0,0,0,0,96
집사가 되어줘,0,0,0,0,0,0,0,28,0,0,0,0,0,0,0,19,0,0,0,0,0,0,0,51,0,0,0,0,0,0,0,44
옆집 동생이 뱀파이어면 어떡하죠?!,0,0,0,0,0,0,0,29,0,0,0,0,0,0,0,20,0,0,0,0,0,0,0,60,0,0,0,0,0,0,0,14
마성의 공작님은 잠 못 이루고,0,0,0,0,0,0,0,30,0,0,0,0,0,0,0,21,0,0,0,0,0,0,0,72,0,0,0,0,0,0,0,8
미치도록 너만을,0,0,0,0,0,0,0,31,0,0,0,0,0,0,0,22,0,0,0,0,0,0,0,70,0,0,0,0,0,0,0,6
인자강,0,0,0,0,0,0,0,32,0,0,0,0,0,0,0,77,0,0,0,0,0,0,0,19,0,0,0,0,0,0,0,80
혼전계약서,0,0,0,0,0,0,0,33,0,0,0,0,0,0,0,24,0,0,0,0,0,0,0,64,0,0,0,0,0,0,0,11
파란 거짓말,0,0,0,0,0,0,0,34,0,0,0,0,0,0,0,23,0,0,0,0,0,0,0,75,0,0,0,0,0,0,0,118
초월자 학원의 수강생이 되었다,0,0,0,0,0,0,0,35,0,0,0,0,0,0,0,57,0,0,0,0,0,0,0,22,0,0,0,0,0,0,0,48
퇴마록,0,0,0,0,0,0,0,36,0,0,0,0,0,0,0,42,0,0,0,0,0,0,0,24,0,0,0,0,0,0,0,5
꼰대 관찰자,0,0,0,0,0,0,0,37,0,0,0,0,0,0,0,28,0,0,0,0,0,0,0,48,0,0,0,0,0,0,0,42
장트러블,0,0,0,0,0,0,0,38,0,0,0,0,0,0,0,26,0,0,0,0,0,0,0,54,0,0,0,0,0,0,0,87
은하!,0,0,0,0,0,0,0,39,0,0,0,0,0,0,0,43,0,0,0,0,0,0,0,28,0,0,0,0,0,0,0,104
한 달 서른 날,0,0,0,0,0,0,0,40,0,0,0,0,0,0,0,94,0,0,0,0,0,0,0,23,0,0,0,0,0,0,0,49
밀당의 요정,0,0,0,0,0,0,0,41,0,0,0,0,0,0,0,29,0,0,0,0,0,0,0,84,0,0,0,0,0,0,0,24
귀령왕,0,0,0,0,0,0,0,42,0,0,0,0,0,0,0,71,0,0,0,0,0,0,0,27,0,0,0,0,0,0,0,31
전남편과 동거중입니다,0,0,0,0,0,0,0,43,0,0,0,0,0,0,0,30,0,0,0,0,0,0,0,78,0,0,0,0,0,0,0,21
싱글브로,0,0,0,0,0,0,0,44,0,0,0,0,0,0,0,38,0,0,0,0,0,0,0,37,0,0,0,0,0,0,0,94
왕은 그림자 숲에 잠든다,0,0,0,0,0,0,0,45,0,0,0,0,0,0,0,31,0,0,0,0,0,0,0,86,0,0,0,0,0,0,0,58
괴이,0,0,0,0,0,0,0,46,0,0,0,0,0,0,0,82,0,0,0,0,0,0,0,30,0,0,0,0,0,0,0,18
관심종자,0,0,0,0,0,0,0,47,0,0,0,0,0,0,0,86,0,0,0,0,0,0,0,29,0,0,0,0,0,0,0,27
황후의 립스틱,0,0,0,0,0,0,0,48,0,0,0,0,0,0,0,33,0,0,0,0,0,0,0,92,0,0,0,0,0,0,0,16
버티면 10억,0,0,0,0,0,0,0,49,0,0,0,0,0,0,0,41,0,0,0,0,0,0,0,46,0,0,0,0,0,0,0,26
살인자의 쇼핑 목록,0,0,0,0,0,0,0,50,0,0,0,0,0,0,0,35,0,0,0,0,0,0,0,61,0,0,0,0,0,0,0,10
멸망급 빌런들의 선생님,0,0,0,0,0,0,0,51,0,0,0,0,0,0,0,62,0,0,0,0,0,0,0,35,0,0,0,0,0,0,0,17
데스코드,0,0,0,0,0,0,0,52,0,0,0,0,0,0,0,58,0,0,0,0,0,0,0,38,0,0,0,0,0,0,0,98
본투비갓,0,0,0,0,0,0,0,53,0,0,0,0,0,0,0,95,0,0,0,0,0,0,0,31,0,0,0,0,0,0,0,57
7아이언,0,0,0,0,0,0,0,54,0,0,0,0,0,0,0,88,0,0,0,0,0,0,0,33,0,0,0,0,0,0,0,77
최종보스 공대장,0,0,0,0,0,0,0,55,0,0,0,0,0,0,0,92,0,0,0,0,0,0,0,32,0,0,0,0,0,0,0,25
여주가 사기 스킬을 얻음,0,0,0,0,0,0,0,56,0,0,0,0,0,0,0,53,0,0,0,0,0,0,0,45,0,0,0,0,0,0,0,61
나는 여왕이다,0,0,0,0,0,0,0,57,0,0,0,0,0,0,0,37,0,0,0,0,0,0,0,83,0,0,0,0,0,0,0,34
"울어주세요, 황태자님",0,0,0,0,0,0,0,58,0,0,0,0,0,0,0,36,0,0,0,0,0,0,0,93,0,0,0,0,0,0,0,7
하이웨이 투 헬,0,0,0,0,0,0,0,59,0,0,0,0,0,0,0,59,0,0,0,0,0,0,0,44,0,0,0,0,0,0,0,116
선배는 남자아이,0,0,0,0,0,0,0,60,0,0,0,0,0,0,0,50,0,0,0,0,0,0,0,55,0,0,0,0,0,0,0,13
굿닥터,0,0,0,0,0,0,0,61,0,0,0,0,0,0,0,52,0,0,0,0,0,0,0,53,0,0,0,0,0,0,0,15
황녀인데 악녀입니다,0,0,0,0,0,0,0,62,0,0,0,0,0,0,0,39,0,0,0,0,0,0,0,95,0,0,0,0,0,0,0,33
날 죽일 마법사는 누구,0,0,0,0,0,0,0,63,0,0,0,0,0,0,0,40,0,0,0,0,0,0,0,96,0,0,0,0,0,0,0,38
살고 싶어? 그럼 키스해,0,0,0,0,0,0,0,64,0,0,0,0,0,0,0,46,0,0,0,0,0,0,0,91,0,0,0,0,0,0,0,37
옥타곤의 제왕,0,0,0,0,0,0,0,65,0,0,0,0,0,0,0,103,0,0,0,0,0,0,0,40,0,0,0,0,0,0,0,39
이중 나선,0,0,0,0,0,0,0,66,0,0,0,0,0,0,0,48,0,0,0,0,0,0,0,100,0,0,0,0,0,0,0,55
이모털 헐크,0,0,0,0,0,0,0,67,0,0,0,0,0,0,0,107,0,0,0,0,0,0,0,41,0,0,0,0,0,0,0,70
악당이 살아가는 법,0,0,0,0,0,0,0,68,0,0,0,0,0,0,0,75,0,0,0,0,0,0,0,49,0,0,0,0,0,0,0,28
단톡방의 쓰레기들,0,0,0,0,0,0,0,69,0,0,0,0,0,0,0,55,0,0,0,0,0,0,0,65,0,0,0,0,0,0,0,82
30일 후,0,0,0,0,0,0,0,70,0,0,0,0,0,0,0,84,0,0,0,0,0,0,0,47,0,0,0,0,0,0,0,97
어벤저스: 지구 최강의 영웅들,0,0,0,0,0,0,0,71,0,0,0,0,0,0,0,99,0,0,0,0,0,0,0,42,0,0,0,0,0,0,0,32
이분의 여름,0,0,0,0,0,0,0,72,0,0,0,0,0,0,0,49,0,0,0,0,0,0,0,104,0,0,0,0,0,0,0,91
호걸옹주,0,0,0,0,0,0,0,73,0,0,0,0,0,0,0,56,0,0,0,0,0,0,0,74,0,0,0,0,0,0,0,83
어메이징 스파이더맨,0,0,0,0,0,0,0,74,0,0,0,0,0,0,0,73,0,0,0,0,0,0,0,52,0,0,0,0,0,0,0,22
좋아하게 될 거야,0,0,0,0,0,0,0,75,0,0,0,0,0,0,0,54,0,0,0,0,0,0,0,94,0,0,0,0,0,0,0,35
삼체,0,0,0,0,0,0,0,76,0,0,0,0,0,0,0,91,0,0,0,0,0,0,0,50,0,0,0,0,0,0,0,115
밑빠진 용병대에 돈 붓기,0,0,0,0,0,0,0,77,0,0,0,0,0,0,0,65,0,0,0,0,0,0,0,66,0,0,0,0,0,0,0,69
등교하는 근식이,0,0,0,0,0,0,0,78,0,0,0,0,0,0,0,61,0,0,0,0,0,0,0,88,0,0,0,0,0,0,0,60
개인정보 제공에 동의하십니까?,0,0,0,0,0,0,0,79,0,0,0,0,0,0,0,67,0,0,0,0,0,0,0,80,0,0,0,0,0,0,0,92
뉴심:교체인생,0,0,0,0,0,0,0,80,0,0,0,0,0,0,0,60,0,0,0,0,0,0,0,101,0,0,0,0,0,0,0,67
갇힌 방,0,0,0,0,0,0,0,81,0,0,0,0,0,0,0,69,0,0,0,0,0,0,0,81,0,0,0,0,0,0,0,45
영애의 경호관,0,0,0,0,0,0,0,82,0,0,0,0,0,0,0,68,0,0,0,0,0,0,0,85,0,0,0,0,0,0,0,59
보나파르트,0,0,0,0,0,0,0,83,0,0,0,0,0,0,0,100,0,0,0,0,0,0,0,56,0,0,0,0,0,0,0,63
사랑의 새싹약국,0,0,0,0,0,0,0,84,0,0,0,0,0,0,0,63,0,0,0,0,0,0,0,110,0,0,0,0,0,0,0,52
소중한 날은 언제나 비가 내린다,0,0,0,0,0,0,0,85,0,0,0,0,0,0,0,66,0,0,0,0,0,0,0,108,0,0,0,0,0,0,0,99
마귀,0,0,0,0,0,0,0,86,0,0,0,0,0,0,0,89,0,0,0,0,0,0,0,67,0,0,0,0,0,0,0,100
나이트 언더 하트,0,0,0,0,0,0,0,87,0,0,0,0,0,0,0,116,0,0,0,0,0,0,0,57,0,0,0,0,0,0,0,71
상사몽,0,0,0,0,0,0,0,88,0,0,0,0,0,0,0,106,0,0,0,0,0,0,0,59,0,0,0,0,0,0,0,114
무간도시,0,0,0,0,0,0,0,89,0,0,0,0,0,0,0,114,0,0,0,0,0,0,0,58,0,0,0,0,0,0,0,110
환생한 왕세자가 도도해봤자,0,0,0,0,0,0,0,90,0,0,0,0,0,0,0,74,0,0,0,0,0,0,0,90,0,0,0,0,0,0,0,72
관찰일기,0,0,0,0,0,0,0,91,0,0,0,0,0,0,0,70,0,0,0,0,0,0,0,105,0,0,0,0,0,0,0,46
줄리엣의 나라,0,0,0,0,0,0,0,92,0,0,0,0,0,0,0,72,0,0,0,0,0,0,0,117,0,0,0,0,0,0,0,86
해일로의 아침,0,0,0,0,0,0,0,93,0,0,0,0,0,0,0,101,0,0,0,0,0,0,0,68,0,0,0,0,0,0,0,106
리얼월드 ; 밸런스붕괴자,0,0,0,0,0,0,0,94,0,0,0,0,0,0,0,110,0,0,0,0,0,0,0,63,0,0,0,0,0,0,0,85
층간소음,0,0,0,0,0,0,0,95,0,0,0,0,0,0,0,96,0,0,0,0,0,0,0,76,0,0,0,0,0,0,0,50
불지옥 로맨스,0,0,0,0,0,0,0,96,0,0,0,0,0,0,0,76,0,0,0,0,0,0,0,107,0,0,0,0,0,0,0,90
해님의 용왕님,0,0,0,0,0,0,0,97,0,0,0,0,0,0,0,80,0,0,0,0,0,0,0,102,0,0,0,0,0,0,0,62
불가침영역,0,0,0,0,0,0,0,98,0,0,0,0,0,0,0,78,0,0,0,0,0,0,0,111,0,0,0,0,0,0,0,73
사파리 로맨스,0,0,0,0,0,0,0,99,0,0,0,0,0,0,0,79,0,0,0,0,0,0,0,109,0,0,0,0,0,0,0,56
천신의 요람,0,0,0,0,0,0,0,100,0,0,0,0,0,0,0,81,0,0,0,0,0,0,0,116,0,0,0,0,0,0,0,51
시간과 사연,0,0,0,0,0,0,0,101,0,0,0,0,0,0,0,83,0,0,0,0,0,0,0,118,0,0,0,0,0,0,0,47
비타운,0,0,0,0,0,0,0,102,0,0,0,0,0,0,0,85,0,0,0,0,0,0,0,106,0,0,0,0,0,0,0,111
게임의 법칙,0,0,0,0,0,0,0,103,0,0,0,0,0,0,0,111,0,0,0,0,0,0,0,71,0,0,0,0,0,0,0,89
호환의 상,0,0,0,0,0,0,0,104,0,0,0,0,0,0,0,117,0,0,0,0,0,0,0,69,0,0,0,0,0,0,0,109
B와 D사이의 C,0,0,0,0,0,0,0,105,0,0,0,0,0,0,0,90,0,0,0,0,0,0,0,87,0,0,0,0,0,0,0,74
R-X,0,0,0,0,0,0,0,106,0,0,0,0,0,0,0,115,0,0,0,0,0,0,0,73,0,0,0,0,0,0,0,95
헌터 잭,0,0,0,0,0,0,0,107,0,0,0,0,0,0,0,108,0,0,0,0,0,0,0,77,0,0,0,0,0,0,0,103
투 두 리스트,0,0,0,0,0,0,0,108,0,0,0,0,0,0,0,87,0,0,0,0,0,0,0,112,0,0,0,0,0,0,0,78
프레이,0,0,0,0,0,0,0,109,0,0,0,0,0,0,0,112,0,0,0,0,0,0,0,79,0,0,0,0,0,0,0,102
소년만화에서 살아남기,0,0,0,0,0,0,0,110,0,0,0,0,0,0,0,105,0,0,0,0,0,0,0,82,0,0,0,0,0,0,0,105
안전한 하루 되세요!,0,0,0,0,0,0,0,111,0,0,0,0,0,0,0,93,0,0,0,0,0,0,0,114,0,0,0,0,0,0,0,76
어둠이 밀려오면,0,0,0,0,0,0,0,112,0,0,0,0,0,0,0,98,0,0,0,0,0,0,0,98,0,0,0,0,0,0,0,79
열린 지옥문 닫힘,0,0,0,0,0,0,0,113,0,0,0,0,0,0,0,97,0,0,0,0,0,0,0,113,0,0,0,0,0,0,0,107
사생활 체크,0,0,0,0,0,0,0,114,0,0,0,0,0,0,0,109,0,0,0,0,0,0,0,89,0,0,0,0,0,0,0,108
답은 정해져 있다,0,0,0,0,0,0,0,115,0,0,0,0,0,0,0,104,0,0,0,0,0,0,0,97,0,0,0,0,0,0,0,112
피그먼트,0,0,0,0,0,0,0,116,0,0,0,0,0,0,0,113,0,0,0,0,0,0,0,99,0,0,0,0,0,0,0,117
실버벨,0,0,0,0,0,0,0,117,0,0,0,0,0,0,0,102,0,0,0,0,0,0,0,115,0,0,0,0,0,0,0,101
도와줘우주,0,0,0,0,0,0,0,118,0,0,0,0,0,0,0,118,0,0,0,0,0,0,0,103,0,0,0,0,0,0,0,113
